item_id,order_id,product_id,quantity,unit_price,discount_percent
ITEM00859,ORD00427,PROD0176,4,221.58,3.9
ITEM00971,ORD00485,PROD0490,4,35.82,7.6
ITEM00088,ORD00043,PROD0455,4,251.23,10.5
ITEM00074,ORD00036,PROD0412,3,388.85,16.7
ITEM00015,ORD00007,PROD0096,2,173.99,0.0
ITEM00815,ORD00404,PROD0223,3,496.74,0.0
ITEM00675,ORD00338,PROD0364,3,370.16,0.0
ITEM00633,ORD00316,PROD0503,3,102.85,0.0
ITEM00284,ORD00143,PROD0066,5,423.02,0.0
ITEM00677,ORD00338,PROD0325,4,220.1,0.0
ITEM00053,ORD00026,PROD0135,4,408.28,0.0
ITEM00484,ORD00242,PROD0271,4,69.14,13.0
ITEM01241,ORD00616,PROD0060,4,135.38,0.0
ITEM01123,ORD00559,PROD0500,4,341.94,11.4
ITEM00440,ORD00221,PROD0139,1,181.07,17.9
ITEM01228,ORD00610,PROD0439,2,92.43,0.0
ITEM00032,ORD00015,PROD0339,1,43.44,0.0
ITEM01206,ORD00597,PROD0309,-3,542.23,0.0
ITEM00632,ORD00316,PROD0497,5,406.56,0.0
ITEM00495,ORD00248,PROD0049,2,313.92,0.0
ITEM00349,ORD00175,PROD0199,2,40.57,17.7
ITEM01054,ORD00524,PROD0109,5,340.56,13.4
ITEM00378,ORD00188,PROD0188,-1,540.21,11.4
ITEM00925,ORD00460,PROD0077,4,228.76,0.0
ITEM01196,ORD00593,PROD0194,2,21.3,0.0
ITEM01207,ORD00597,PROD0469,2,36.8,0.0
ITEM01270,ORD00630,PROD0093,5,248.52,3.7
ITEM00230,ORD00114,PROD0205,3,60.8,0.0
ITEM00638,ORD00318,PROD0392,1,516.09,17.0
ITEM00759,ORD00380,PROD0363,2,32.44,5.9
ITEM00312,ORD00158,PROD0264,5,401.75,0.0
ITEM00721,ORD00360,PROD0219,3,213.99,4.3
ITEM00535,ORD00267,PROD0324,2,301.1,1.4
ITEM00472,ORD00235,PROD0009,3,117.28,13.7
ITEM01087,ORD00540,PROD0290,2,103.15,18.1
ITEM00592,ORD00295,PROD0451,2,325.07,0.0
ITEM01137,ORD00565,PROD0332,3,129.99,0.1
ITEM00927,ORD00460,PROD0503,4,108.61,19.5
ITEM01044,ORD00520,PROD0037,4,388.82,0.0
ITEM00578,ORD00289,PROD0501,3,528.58,18.2
ITEM00164,ORD00084,PROD0436,-3,224.83,0.0
ITEM00151,ORD00077,PROD0161,1,539.27,8.6
ITEM00740,ORD00369,PROD0259,5,195.19,0.0
ITEM00084,ORD00041,PROD0141,4,8.61,0.0
ITEM01043,ORD00520,PROD0333,5,174.35,0.0
ITEM00006,ORD00003,PROD0485,3,445.77,5.0
ITEM01072,ORD00534,PROD0013,1,593.1,0.0
ITEM00394,ORD00196,PROD0405,5,268.79,1.2
ITEM00493,ORD00247,PROD0431,3,119.87,0.0
ITEM00546,ORD00274,PROD0293,3,164.12,0.0
ITEM00140,ORD00071,PROD0140,1,538.96,15.7
ITEM01180,ORD00584,PROD0508,4,499.8,0.0
ITEM00087,ORD00043,PROD0175,1,582.19,0.0
ITEM00003,ORD00002,PROD0301,5,372.65,0.0
ITEM00303,ORD00152,PROD0009,4,128.3,0.0
ITEM01115,ORD00555,PROD0295,4,78.9,0.0
ITEM00995,ORD00497,PROD0212,5,570.25,7.7
ITEM01219,ORD00606,PROD0364,2,364.74,17.3
ITEM00794,ORD00394,PROD0382,5,47.26,0.0
ITEM00332,ORD00167,PROD0016,4,597.42,0.0
ITEM00237,ORD00118,PROD0184,-1,474.7,0.0
ITEM00617,ORD00307,PROD0225,1,154.93,0.0
ITEM00255,ORD00126,PROD0498,5,132.7,4.7
ITEM00428,ORD00214,PROD0217,1,311.04,19.0
ITEM00360,ORD00180,PROD0440,3,59.31,0.0
ITEM00566,ORD00283,PROD0431,1,117.6,0.0
ITEM00680,ORD00340,PROD0197,1,572.24,13.6
ITEM00048,ORD00023,PROD0314,2,125.66,0.0
ITEM00264,ORD00130,PROD0151,1,313.95,0.0
ITEM00663,ORD00332,PROD0076,4,346.74,0.0
ITEM00746,ORD00372,PROD0091,3,92.08,4.9
ITEM00247,ORD00122,PROD0474,1,602.99,5.3
ITEM00690,ORD00346,PROD0219,1,235.88,0.0
ITEM00311,ORD00158,PROD0487,2,342.47,2.3
ITEM01281,ORD00634,PROD0144,3,271.11,8.6
ITEM00207,ORD00104,PROD0356,2,274.19,0.0
ITEM00358,ORD00179,PROD0088,5,544.67,0.0
ITEM00953,ORD00474,PROD0071,2,632.77,0.0
ITEM00955,ORD00475,PROD0417,1,231.43,0.0
ITEM00396,ORD00197,PROD0148,2,204.49,6.9
ITEM00543,ORD00271,PROD0176,1,230.33,7.2
ITEM01084,ORD00539,PROD0484,2,36.26,0.0
ITEM00293,ORD00147,PROD0140,2,458.95,0.0
ITEM00150,ORD00076,PROD0020,3,186.82,8.6
ITEM00029,ORD00014,PROD0327,5,669.59,0.0
ITEM01048,ORD00522,PROD0346,4,28.5,0.0
ITEM00095,ORD00047,PROD0373,1,200.54,0.0
ITEM00505,ORD00252,PROD0143,3,314.84,0.0
ITEM00594,ORD00296,PROD0250,5,36.23,0.0
ITEM01294,ORD00640,PROD0489,4,157.75,0.0
ITEM00725,ORD00362,PROD0090,4,53.06,0.0
ITEM00016,ORD00008,PROD0287,3,392.28,1.1
ITEM00287,ORD00144,PROD0229,-2,560.45,0.7
ITEM00909,ORD00451,PROD0215,4,462.06,0.0
ITEM00105,ORD00052,PROD0519,-3,313.14,3.4
ITEM00941,ORD00468,PROD0331,2,294.21,0.0
ITEM00347,ORD00174,PROD0256,3,151.72,9.4
ITEM00381,ORD00190,PROD0457,2,367.78,0.0
ITEM00059,ORD00028,PROD0389,3,219.04,0.0
ITEM00019,ORD00009,PROD0309,3,602.5,1.9
ITEM00833,ORD00413,PROD0324,2,332.29,11.6
ITEM00942,ORD00468,PROD0324,1,280.39,18.6
ITEM00655,ORD00327,PROD0396,4,158.03,8.3
ITEM01208,ORD00598,PROD0432,4,541.08,0.0
ITEM00414,ORD00206,PROD0433,2,147.04,0.0
ITEM01187,ORD00588,PROD0474,1,613.62,0.0
ITEM01089,ORD00542,PROD0208,1,41.35,0.0
ITEM00584,ORD00292,PROD0487,4,359.32,0.0
ITEM00034,ORD00016,PROD0414,1,381.33,0.0
ITEM00869,ORD00431,PROD0427,1,30.11,0.0
ITEM00344,ORD00172,PROD0492,3,267.02,0.0
ITEM00127,ORD00064,PROD0247,1,580.11,0.1
ITEM00364,ORD00182,PROD0452,3,314.44,8.0
ITEM00923,ORD00459,PROD0418,3,371.88,0.0
ITEM00370,ORD00184,PROD0076,2,403.14,0.0
ITEM00691,ORD00347,PROD0067,1,279.51,18.4
ITEM00073,ORD00036,PROD0201,3,80.25,0.0
ITEM00145,ORD00075,PROD0304,1,314.26,0.0
ITEM00553,ORD00276,PROD0251,1,237.35,0.0
ITEM00025,ORD00011,PROD0418,4,353.03,0.0
ITEM00101,ORD00049,PROD0328,2,247.9,0.0
ITEM00018,ORD00008,PROD0267,1,297.01,0.0
ITEM00563,ORD00281,PROD0247,3,514.54,0.0
ITEM00277,ORD00139,PROD0075,5,100.64,0.0
ITEM01100,ORD00549,PROD0490,4,33.05,0.0
ITEM00398,ORD00199,PROD0511,2,214.55,11.0
ITEM00996,ORD00497,PROD0252,2,255.72,0.0
ITEM00184,ORD00094,PROD0249,4,486.21,18.8
ITEM01240,ORD00616,PROD0403,3,590.52,8.8
ITEM01026,ORD00509,PROD0134,1,371.55,0.0
ITEM00221,ORD00111,PROD0183,2,322.61,0.0
ITEM00579,ORD00289,PROD0298,3,222.64,16.1
ITEM00526,ORD00263,PROD0159,2,319.86,5.0
ITEM01238,ORD00615,PROD0427,5,31.71,18.9
ITEM01308,ORD00646,PROD0426,5,582.88,12.3
ITEM00658,ORD00329,PROD0031,3,65.83,7.9
ITEM00282,ORD00141,PROD0474,1,655.83,11.9
ITEM00023,ORD00011,PROD0298,3,237.7,8.3
ITEM01152,ORD00572,PROD0507,5,586.1,0.0
ITEM01200,ORD00594,PROD0477,2,402.5,0.0
ITEM00024,ORD00011,PROD0152,4,21.26,0.0
ITEM00916,ORD00455,PROD0139,4,161.92,8.3
ITEM00143,ORD00074,PROD0449,4,235.01,0.0
ITEM01199,ORD00594,PROD0195,1,73.12,0.0
ITEM00581,ORD00290,PROD0092,5,609.13,0.0
ITEM00457,ORD00229,PROD0011,-3,490.47,0.0
ITEM00998,ORD00498,PROD0131,5,416.96,11.9
ITEM00936,ORD00465,PROD0295,3,81.53,0.0
ITEM00963,ORD00480,PROD0486,1,625.75,8.6
ITEM00436,ORD00218,PROD0341,1,82.11,16.4
ITEM00168,ORD00085,PROD0032,1,290.71,0.0
ITEM01074,ORD00534,PROD0077,4,226.45,7.5
ITEM00514,ORD00257,PROD0324,3,279.2,0.0
ITEM00353,ORD00176,PROD0228,2,670.34,0.0
ITEM00017,ORD00008,PROD0221,2,427.25,17.2
ITEM01254,ORD00622,PROD0347,3,146.33,0.0
ITEM00137,ORD00068,PROD0308,3,224.7,0.0
ITEM01110,ORD00553,PROD0479,-2,469.29,0.0
ITEM00170,ORD00086,PROD0378,3,620.2,0.0
ITEM00545,ORD00273,PROD0422,5,123.83,0.0
ITEM01132,ORD00562,PROD0487,4,311.43,11.7
ITEM01133,ORD00563,PROD0070,4,565.63,3.6
ITEM00014,ORD00006,PROD0049,2,273.79,0.0
ITEM01002,ORD00499,PROD0079,3,14.01,4.2
ITEM00070,ORD00034,PROD0019,3,188.72,9.9
ITEM00842,ORD00418,PROD0047,5,418.01,0.0
ITEM00811,ORD00403,PROD0278,5,521.74,0.0
ITEM01305,ORD00645,PROD0217,1,347.92,0.0
ITEM00978,ORD00488,PROD0126,5,322.32,17.3
ITEM00265,ORD00131,PROD0238,3,577.01,0.0
ITEM01049,ORD00522,PROD0430,4,588.61,6.1
ITEM01266,ORD00628,PROD0198,4,136.86,0.0
ITEM00649,ORD00323,PROD0472,4,56.61,0.0
ITEM01314,ORD00649,PROD0334,3,60.41,18.8
ITEM01277,ORD00633,PROD0083,3,91.4,0.0
ITEM00947,ORD00472,PROD0122,4,405.23,18.0
ITEM00030,ORD00014,PROD0279,5,668.2,0.0
ITEM00222,ORD00111,PROD0346,3,34.35,0.0
ITEM00179,ORD00092,PROD0023,1,474.66,0.0
ITEM00007,ORD00003,PROD0157,4,298.15,0.0
ITEM00111,ORD00055,PROD0038,4,10.72,17.8
ITEM00479,ORD00238,PROD0421,1,51.48,0.0
ITEM00848,ORD00422,PROD0507,1,577.83,19.5
ITEM00775,ORD00387,PROD0369,1,339.97,0.0
ITEM00741,ORD00370,PROD0137,3,373.83,0.0
ITEM00527,ORD00263,PROD0137,3,388.0,10.4
ITEM01165,ORD00578,PROD0489,4,145.08,19.6
ITEM00678,ORD00339,PROD0140,4,463.77,5.7
ITEM00323,ORD00162,PROD0317,3,417.87,0.0
ITEM01160,ORD00576,PROD0314,1,132.18,0.0
ITEM00728,ORD00363,PROD0325,1,217.73,8.1
ITEM01067,ORD00531,PROD0078,1,46.54,0.0
ITEM01310,ORD00647,PROD0500,5,373.46,0.0
ITEM01111,ORD00553,PROD0235,1,316.21,0.0
ITEM01235,ORD00614,PROD0156,2,338.6,0.0
ITEM00595,ORD00296,PROD0016,3,600.42,0.0
ITEM00992,ORD00495,PROD0432,2,564.19,0.0
ITEM00631,ORD00315,PROD0517,2,61.52,0.0
ITEM00408,ORD00203,PROD0502,2,205.72,17.1
ITEM00241,ORD00120,PROD0155,3,277.82,0.0
ITEM00685,ORD00344,PROD0213,4,488.51,2.6
ITEM01242,ORD00617,PROD0147,5,474.56,0.0
ITEM00957,ORD00475,PROD0366,2,285.75,0.0
ITEM00304,ORD00153,PROD0142,1,478.68,7.2
ITEM00885,ORD00438,PROD0174,2,49.6,0.0
ITEM00136,ORD00068,PROD0314,1,129.65,0.0
ITEM00301,ORD00151,PROD0449,3,252.33,0.0
ITEM00090,ORD00045,PROD0145,2,464.95,0.0
ITEM00883,ORD00437,PROD0161,5,468.5,12.6
ITEM00805,ORD00399,PROD0339,1,40.23,19.7
ITEM00419,ORD00209,PROD0419,3,276.26,0.0
ITEM00513,ORD00256,PROD0284,-2,101.27,0.0
ITEM00335,ORD00168,PROD0211,5,430.99,15.4
ITEM00489,ORD00244,PROD0238,3,619.72,0.0
ITEM01014,ORD00504,PROD0359,3,477.21,0.0
ITEM00060,ORD00029,PROD0333,5,180.55,0.0
ITEM00537,ORD00268,PROD0378,4,585.55,0.0
ITEM00001,ORD00001,PROD0419,2,315.39,11.3
ITEM01125,ORD00560,PROD0454,4,490.67,0.4
ITEM00586,ORD00293,PROD0257,1,596.01,0.0
ITEM00716,ORD00359,PROD0053,2,247.24,0.0
ITEM00816,ORD00405,PROD0209,2,12.48,0.0
ITEM00865,ORD00429,PROD0505,4,437.01,0.0
ITEM01040,ORD00518,PROD0200,1,464.79,17.0
ITEM00319,ORD00161,PROD0353,3,351.91,0.0
ITEM01143,ORD00568,PROD0101,1,353.24,0.0
ITEM01223,ORD00607,PROD0429,2,252.77,10.7
ITEM01194,ORD00592,PROD0025,2,465.41,13.4
ITEM01251,ORD00621,PROD0476,4,360.4,0.0
ITEM00912,ORD00453,PROD0376,2,217.84,0.0
ITEM01211,ORD00599,PROD0482,2,252.94,0.0
ITEM00700,ORD00351,PROD0485,1,532.82,0.0
ITEM00822,ORD00407,PROD0472,4,56.9,0.0
ITEM00866,ORD00430,PROD0504,1,229.31,0.0
ITEM00203,ORD00103,PROD0106,3,48.5,11.5
ITEM00234,ORD00116,PROD0367,2,120.87,0.0
ITEM00086,ORD00042,PROD0165,4,689.83,6.3
ITEM00780,ORD00389,PROD0506,5,175.96,0.0
ITEM01151,ORD00572,PROD0293,5,147.98,2.6
ITEM01097,ORD00547,PROD0348,3,570.13,0.0
ITEM01032,ORD00513,PROD0095,3,175.51,8.8
ITEM00536,ORD00267,PROD0129,3,222.92,12.3
ITEM00413,ORD00206,PROD0328,4,252.69,12.6
ITEM01178,ORD00584,PROD0126,2,304.69,13.8
ITEM00806,ORD00400,PROD0511,1,195.68,8.2
ITEM01080,ORD00536,PROD0353,2,307.25,0.0
ITEM00497,ORD00248,PROD0134,3,411.0,0.0
ITEM00530,ORD00264,PROD0327,1,665.07,0.0
ITEM00468,ORD00233,PROD0216,3,35.54,0.0
ITEM01068,ORD00532,PROD0293,4,149.98,0.0
ITEM01005,ORD00501,PROD0413,4,256.74,2.1
ITEM00647,ORD00322,PROD0296,3,8.16,0.0
ITEM00567,ORD00283,PROD0236,4,503.93,0.0
ITEM00967,ORD00482,PROD0418,3,360.07,0.0
ITEM01311,ORD00647,PROD0175,4,603.18,7.0
ITEM00837,ORD00415,PROD0355,4,514.58,0.0
ITEM00438,ORD00220,PROD0237,4,453.34,0.5
ITEM01265,ORD00627,PROD0028,1,436.24,0.0
ITEM01278,ORD00633,PROD0379,5,405.15,0.0
ITEM01135,ORD00564,PROD0034,2,148.47,0.0
ITEM00147,ORD00075,PROD0326,-1,53.41,0.0
ITEM00435,ORD00218,PROD0193,3,346.17,0.0
ITEM00798,ORD00397,PROD0267,1,326.42,0.0
ITEM00065,ORD00031,PROD0335,4,175.47,0.0
ITEM00758,ORD00379,PROD0187,4,33.29,1.7
ITEM00559,ORD00279,PROD0007,2,505.23,7.2
ITEM00892,ORD00440,PROD0335,5,165.29,0.0
ITEM00991,ORD00495,PROD0040,4,121.46,0.0
ITEM00744,ORD00372,PROD0405,4,300.4,3.2
ITEM00052,ORD00026,PROD0125,3,431.7,0.0
ITEM00973,ORD00486,PROD0349,2,559.56,0.0
ITEM01210,ORD00599,PROD0328,2,268.44,13.4
ITEM00867,ORD00430,PROD0128,2,570.63,2.8
ITEM01094,ORD00545,PROD0191,2,558.39,0.0
ITEM01144,ORD00569,PROD0102,2,434.02,12.8
ITEM01098,ORD00547,PROD0462,4,653.64,14.4
ITEM00739,ORD00368,PROD0099,1,445.66,0.0
ITEM00192,ORD00098,PROD0001,4,176.62,0.0
ITEM00351,ORD00176,PROD0450,2,306.58,9.6
ITEM01108,ORD00552,PROD0518,1,605.83,18.3
ITEM00118,ORD00059,PROD0134,4,418.93,16.6
ITEM00299,ORD00150,PROD0220,2,284.45,0.0
ITEM01284,ORD00636,PROD0240,2,220.9,0.0
ITEM01016,ORD00505,PROD0044,2,247.64,0.0
ITEM00133,ORD00067,PROD0028,5,429.19,0.0
ITEM00097,ORD00048,PROD0018,3,292.0,0.0
ITEM00534,ORD00267,PROD0267,2,313.93,0.0
ITEM00974,ORD00486,PROD0293,2,154.93,11.6
ITEM00412,ORD00205,PROD0184,3,513.29,0.0
ITEM00458,ORD00230,PROD0013,1,520.52,15.4
ITEM01197,ORD00593,PROD0048,4,189.76,0.0
ITEM00416,ORD00207,PROD0120,1,328.14,0.0
ITEM00296,ORD00149,PROD0238,2,639.96,10.4
ITEM01128,ORD00561,PROD0502,5,229.96,0.0
ITEM00245,ORD00122,PROD0408,5,183.82,0.0
ITEM00236,ORD00117,PROD0173,1,231.31,0.4
ITEM00585,ORD00293,PROD0362,2,340.32,0.0
ITEM00107,ORD00053,PROD0206,2,433.24,0.0
ITEM00259,ORD00128,PROD0499,1,550.4,6.4
ITEM00692,ORD00347,PROD0258,4,381.8,11.2
ITEM01287,ORD00637,PROD0516,5,49.15,0.0
ITEM00891,ORD00440,PROD0168,2,9.55,6.5
ITEM00899,ORD00444,PROD0015,4,519.72,10.5
ITEM00336,ORD00168,PROD0298,2,212.47,2.5
ITEM00668,ORD00335,PROD0123,-3,269.85,0.0
ITEM00562,ORD00281,PROD0377,5,636.48,0.5
ITEM00743,ORD00371,PROD0084,2,69.39,0.0
ITEM00946,ORD00471,PROD0226,1,113.96,0.0
ITEM01304,ORD00644,PROD0265,3,194.99,0.0
ITEM00613,ORD00305,PROD0215,1,498.79,0.0
ITEM01107,ORD00552,PROD0154,1,563.32,0.0
ITEM00089,ORD00044,PROD0488,3,99.02,0.0
ITEM00933,ORD00463,PROD0028,1,449.34,14.2
ITEM00177,ORD00091,PROD0137,3,437.48,0.0
ITEM01227,ORD00609,PROD0186,2,417.49,9.7
ITEM01292,ORD00639,PROD0110,2,380.09,0.0
ITEM01114,ORD00555,PROD0020,1,190.03,18.0
ITEM00612,ORD00305,PROD0033,2,501.31,1.5
ITEM00509,ORD00254,PROD0325,3,226.2,0.0
ITEM01064,ORD00530,PROD0245,1,62.38,1.6
ITEM00749,ORD00375,PROD0023,1,478.65,16.1
ITEM01106,ORD00551,PROD0327,1,640.84,0.0
ITEM00756,ORD00378,PROD0361,2,588.79,0.0
ITEM01081,ORD00537,PROD0299,5,21.51,13.4
ITEM00569,ORD00285,PROD0436,1,212.62,17.8
ITEM00539,ORD00268,PROD0046,2,356.02,0.0
ITEM00056,ORD00027,PROD0316,4,291.6,15.8
ITEM00423,ORD00210,PROD0482,5,247.08,0.0
ITEM01234,ORD00613,PROD0276,5,593.77,0.0
ITEM00226,ORD00113,PROD0069,1,358.96,0.0
ITEM00593,ORD00296,PROD0349,2,520.68,0.0
ITEM00956,ORD00475,PROD0124,5,289.13,0.0
ITEM01147,ORD00570,PROD0084,5,72.67,0.0
ITEM00544,ORD00272,PROD0125,3,485.71,14.1
ITEM00492,ORD00246,PROD0371,4,230.31,0.0
ITEM01189,ORD00590,PROD0396,2,176.8,7.8
ITEM00131,ORD00065,PROD0202,3,497.37,0.0
ITEM01148,ORD00571,PROD0331,4,320.11,0.0
ITEM00994,ORD00496,PROD0006,2,219.32,13.5
ITEM00827,ORD00409,PROD0246,2,179.93,19.4
ITEM00490,ORD00245,PROD0127,1,45.11,13.2
ITEM00135,ORD00067,PROD0268,5,658.38,8.9
ITEM01280,ORD00634,PROD0432,1,632.32,18.1
ITEM00425,ORD00212,PROD0125,3,433.82,13.8
ITEM01022,ORD00507,PROD0290,3,89.34,5.6
ITEM01058,ORD00526,PROD0215,5,528.01,10.8
ITEM00279,ORD00140,PROD0472,2,51.07,0.0
ITEM01246,ORD00618,PROD0128,5,577.45,17.2
ITEM00162,ORD00082,PROD0131,5,435.37,0.0
ITEM00712,ORD00357,PROD0507,5,588.98,2.4
ITEM00577,ORD00288,PROD0063,4,512.5,8.5
ITEM01181,ORD00585,PROD0470,1,8.59,0.0
ITEM01015,ORD00505,PROD0188,2,534.14,0.0
ITEM00154,ORD00079,PROD0410,3,162.01,0.0
ITEM00945,ORD00470,PROD0143,5,332.48,2.2
ITEM00077,ORD00038,PROD0078,3,49.6,0.0
ITEM01174,ORD00581,PROD0041,1,640.9,0.0
ITEM01149,ORD00571,PROD0367,1,118.96,0.0
ITEM00269,ORD00134,PROD0362,4,304.54,0.1
ITEM01095,ORD00546,PROD0092,4,644.73,16.4
ITEM00474,ORD00236,PROD0087,1,560.6,0.0
ITEM00367,ORD00183,PROD0480,5,428.63,19.7
ITEM00194,ORD00099,PROD0267,2,298.36,0.0
ITEM00441,ORD00221,PROD0099,2,448.69,3.3
ITEM01013,ORD00504,PROD0236,2,545.79,6.1
ITEM00020,ORD00010,PROD0045,2,310.08,15.6
ITEM00519,ORD00259,PROD0450,1,277.92,0.0
ITEM00552,ORD00276,PROD0354,4,558.28,15.1
ITEM00905,ORD00448,PROD0025,3,449.39,0.0
ITEM00392,ORD00195,PROD0034,3,157.15,0.0
ITEM00216,ORD00109,PROD0175,3,660.33,0.3
ITEM00013,ORD00005,PROD0135,3,483.43,0.0
ITEM01255,ORD00623,PROD0146,3,26.15,0.0
ITEM00175,ORD00090,PROD0516,5,45.14,0.0
ITEM01011,ORD00503,PROD0348,5,578.59,0.0
ITEM00731,ORD00365,PROD0352,3,210.63,12.8
ITEM00172,ORD00088,PROD0141,5,9.78,0.5
ITEM00206,ORD00104,PROD0042,1,90.35,0.0
ITEM00447,ORD00224,PROD0366,4,250.2,0.0
ITEM00540,ORD00269,PROD0258,3,406.47,0.0
ITEM00214,ORD00107,PROD0063,5,436.83,0.0
ITEM00081,ORD00039,PROD0493,4,462.35,0.0
ITEM00550,ORD00275,PROD0132,1,657.58,0.0
ITEM01126,ORD00560,PROD0049,4,293.06,0.0
ITEM01159,ORD00575,PROD0368,2,497.4,0.0
ITEM00125,ORD00062,PROD0331,4,280.8,0.0
ITEM01012,ORD00504,PROD0450,1,310.86,0.0
ITEM00607,ORD00302,PROD0412,2,428.44,0.0
ITEM00979,ORD00488,PROD0424,1,508.32,10.3
ITEM00119,ORD00059,PROD0041,1,572.68,0.0
ITEM01214,ORD00602,PROD0490,2,30.66,0.0
ITEM00080,ORD00039,PROD0394,5,525.8,7.2
ITEM00627,ORD00314,PROD0118,3,254.17,0.0
ITEM00376,ORD00186,PROD0105,5,350.0,0.0
ITEM00522,ORD00261,PROD0008,2,476.46,5.1
ITEM01186,ORD00588,PROD0027,2,277.02,10.9
ITEM00619,ORD00308,PROD0097,5,338.09,0.0
ITEM00486,ORD00243,PROD0124,5,302.98,0.0
ITEM01039,ORD00517,PROD0026,5,236.86,7.3
ITEM00354,ORD00177,PROD0068,3,273.08,0.0
ITEM00057,ORD00028,PROD0510,4,601.16,0.0
ITEM00972,ORD00486,PROD0311,3,542.59,0.0
ITEM00180,ORD00092,PROD0221,2,385.8,10.1
ITEM00686,ORD00344,PROD0365,3,147.54,1.3
ITEM01188,ORD00589,PROD0273,2,570.52,0.0
ITEM00290,ORD00145,PROD0357,5,292.69,5.8
ITEM00350,ORD00175,PROD0062,5,557.11,11.4
ITEM01158,ORD00574,PROD0472,4,55.83,0.0
ITEM00928,ORD00461,PROD0477,5,386.05,0.0
ITEM01153,ORD00573,PROD0064,3,131.78,1.0
ITEM00695,ORD00348,PROD0066,4,403.14,0.0
ITEM00446,ORD00223,PROD0015,2,569.42,19.7
ITEM00120,ORD00060,PROD0268,1,621.29,16.9
ITEM01063,ORD00529,PROD0126,2,330.89,5.7
ITEM00571,ORD00285,PROD0500,2,338.07,7.9
ITEM00855,ORD00425,PROD0379,5,354.41,0.0
ITEM01218,ORD00605,PROD0003,2,307.99,0.0
ITEM00322,ORD00162,PROD0192,4,81.16,16.5
ITEM00379,ORD00189,PROD0218,4,530.2,0.0
ITEM00603,ORD00300,PROD0469,4,36.35,1.4
ITEM00523,ORD00261,PROD0158,3,498.09,0.4
ITEM00894,ORD00441,PROD0421,2,53.58,0.0
ITEM00861,ORD00428,PROD0014,5,194.32,0.0
ITEM01019,ORD00506,PROD0294,1,136.55,0.0
ITEM00409,ORD00204,PROD0375,3,581.25,0.0
ITEM00208,ORD00105,PROD0053,2,225.48,1.3
ITEM00783,ORD00390,PROD0509,2,668.92,3.0
ITEM00616,ORD00306,PROD0073,5,260.02,4.5
ITEM00187,ORD00095,PROD0334,5,63.13,4.4
ITEM00026,ORD00012,PROD0336,2,293.84,10.2
ITEM00193,ORD00098,PROD0114,5,544.81,0.0
ITEM00028,ORD00013,PROD0498,5,137.14,11.9
ITEM00114,ORD00056,PROD0137,4,364.52,19.7
ITEM00483,ORD00241,PROD0355,2,549.19,6.9
ITEM01020,ORD00506,PROD0509,3,582.99,12.0
ITEM01312,ORD00648,PROD0488,5,97.63,0.0
ITEM01213,ORD00601,PROD0117,5,576.61,6.3
ITEM00959,ORD00477,PROD0005,1,186.22,0.0
ITEM00281,ORD00141,PROD0171,4,548.69,1.5
ITEM01061,ORD00528,PROD0054,5,132.12,0.0
ITEM00950,ORD00473,PROD0223,3,457.9,6.9
ITEM00717,ORD00359,PROD0385,4,460.88,0.0
ITEM00907,ORD00450,PROD0380,4,125.38,0.0
ITEM00267,ORD00133,PROD0354,3,514.63,0.0
ITEM00324,ORD00163,PROD0442,3,142.55,7.2
ITEM00877,ORD00434,PROD0189,4,350.51,9.5
ITEM00404,ORD00202,PROD0178,2,664.89,0.0
ITEM00748,ORD00374,PROD0309,1,611.26,0.0
ITEM00403,ORD00202,PROD0171,2,619.01,0.0
ITEM00328,ORD00166,PROD0105,1,357.88,4.3
ITEM00661,ORD00332,PROD0515,1,89.51,12.5
ITEM01113,ORD00554,PROD0236,5,512.59,3.9
ITEM01010,ORD00503,PROD0014,2,202.25,0.0
ITEM01273,ORD00631,PROD0364,2,373.89,17.8
ITEM00870,ORD00432,PROD0192,3,73.16,14.3
ITEM01038,ORD00516,PROD0092,3,636.68,0.0
ITEM00292,ORD00146,PROD0507,2,534.31,6.2
ITEM00673,ORD00337,PROD0076,3,381.98,12.0
ITEM00096,ORD00047,PROD0289,1,245.84,12.0
ITEM01260,ORD00624,PROD0400,5,303.78,0.0
ITEM01088,ORD00541,PROD0227,5,34.76,0.0
ITEM01282,ORD00635,PROD0285,1,6.96,12.4
ITEM00803,ORD00398,PROD0230,1,79.48,17.5
ITEM00113,ORD00055,PROD0515,5,103.8,0.0
ITEM00735,ORD00366,PROD0220,5,269.21,0.0
ITEM00733,ORD00366,PROD0184,1,535.83,0.0
ITEM00464,ORD00232,PROD0117,2,624.65,7.0
ITEM00508,ORD00254,PROD0149,3,175.38,7.9
ITEM00348,ORD00174,PROD0212,5,619.91,0.0
ITEM00918,ORD00457,PROD0193,1,338.2,0.0
ITEM00380,ORD00189,PROD0313,3,421.48,0.0
ITEM00225,ORD00112,PROD0433,5,153.37,0.0
ITEM00875,ORD00433,PROD0420,4,256.82,5.8
ITEM00814,ORD00404,PROD0324,1,300.47,19.2
ITEM00402,ORD00201,PROD0351,4,325.32,17.1
ITEM01090,ORD00543,PROD0261,4,286.53,0.0
ITEM00055,ORD00027,PROD0479,2,440.43,0.0
ITEM00521,ORD00260,PROD0290,5,98.31,7.3
ITEM01069,ORD00532,PROD0293,4,140.85,12.7
ITEM00511,ORD00256,PROD0039,1,211.16,0.0
ITEM00711,ORD00356,PROD0224,2,283.28,0.0
ITEM00389,ORD00194,PROD0254,2,440.79,0.0
ITEM01205,ORD00597,PROD0321,4,450.62,0.0
ITEM00163,ORD00083,PROD0412,3,418.75,0.0
ITEM00564,ORD00282,PROD0115,4,434.46,0.0
ITEM00829,ORD00410,PROD0321,1,468.51,5.7
ITEM00310,ORD00158,PROD0015,2,600.92,0.0
ITEM00076,ORD00037,PROD0492,5,285.94,0.0
ITEM00715,ORD00358,PROD0305,5,172.63,7.8
ITEM01062,ORD00528,PROD0109,1,332.46,2.9
ITEM00405,ORD00202,PROD0471,1,135.76,0.0
ITEM00707,ORD00354,PROD0065,5,520.79,0.8
ITEM00920,ORD00457,PROD0224,2,258.17,5.5
ITEM00964,ORD00480,PROD0415,3,547.42,0.0
ITEM00488,ORD00243,PROD0392,5,591.59,0.0
ITEM00045,ORD00022,PROD0209,3,12.24,0.0
ITEM01056,ORD00525,PROD0286,5,523.16,0.0
ITEM01051,ORD00523,PROD0476,5,310.59,0.0
ITEM00165,ORD00084,PROD0323,2,505.71,0.0
ITEM00980,ORD00489,PROD0125,1,430.07,11.3
ITEM01104,ORD00550,PROD0466,3,331.57,8.6
ITEM01192,ORD00592,PROD0254,4,408.25,0.0
ITEM01047,ORD00521,PROD0387,3,371.05,0.0
ITEM00913,ORD00454,PROD0192,1,83.07,0.0
ITEM00004,ORD00002,PROD0417,2,215.85,19.1
ITEM01173,ORD00581,PROD0140,2,486.63,11.8
ITEM00471,ORD00234,PROD0297,4,481.9,14.0
ITEM00841,ORD00417,PROD0390,3,113.31,9.1
ITEM01169,ORD00579,PROD0459,2,117.51,0.9
ITEM00640,ORD00318,PROD0499,4,550.59,13.4
ITEM00317,ORD00160,PROD0055,4,199.55,0.0
ITEM00297,ORD00149,PROD0143,1,321.54,13.1
ITEM00009,ORD00004,PROD0060,3,134.63,0.0
ITEM00420,ORD00209,PROD0121,1,193.13,3.2
ITEM00314,ORD00159,PROD0412,3,431.38,0.7
ITEM00772,ORD00386,PROD0186,2,441.97,0.0
ITEM00520,ORD00260,PROD0393,1,571.12,4.1
ITEM01233,ORD00613,PROD0306,5,16.89,0.0
ITEM01179,ORD00584,PROD0445,4,451.92,0.0
ITEM00275,ORD00137,PROD0042,3,98.61,14.7
ITEM00672,ORD00337,PROD0012,4,357.43,17.1
ITEM00580,ORD00289,PROD0121,4,209.2,0.0
ITEM00799,ORD00397,PROD0451,4,354.91,0.0
ITEM01057,ORD00526,PROD0336,3,275.72,0.0
ITEM00098,ORD00048,PROD0152,3,20.33,0.0
ITEM00934,ORD00464,PROD0333,4,160.75,0.0
ITEM01065,ORD00530,PROD0087,1,557.51,0.0
ITEM01164,ORD00578,PROD0175,3,582.42,5.3
ITEM01198,ORD00594,PROD0276,5,571.71,0.0
ITEM00895,ORD00441,PROD0359,2,518.81,0.0
ITEM00456,ORD00229,PROD0505,-2,428.77,16.0
ITEM00889,ORD00439,PROD0385,5,422.64,0.0
ITEM00278,ORD00139,PROD0286,1,501.73,1.5
ITEM00033,ORD00016,PROD0480,2,451.45,0.0
ITEM00754,ORD00378,PROD0164,3,320.91,14.2
ITEM00608,ORD00303,PROD0026,1,256.03,0.0
ITEM00061,ORD00029,PROD0155,1,280.56,0.0
ITEM00572,ORD00286,PROD0518,5,667.83,0.0
ITEM00598,ORD00298,PROD0200,3,454.06,0.0
ITEM00864,ORD00429,PROD0134,3,364.38,0.0
ITEM00202,ORD00103,PROD0282,5,662.37,0.0
ITEM00494,ORD00247,PROD0095,2,207.88,0.0
ITEM00718,ORD00359,PROD0197,2,512.48,0.0
ITEM00807,ORD00400,PROD0275,1,416.69,0.0
ITEM00271,ORD00135,PROD0274,4,45.01,12.8
ITEM00727,ORD00363,PROD0390,3,118.47,0.0
ITEM00117,ORD00058,PROD0372,1,61.85,7.2
ITEM00262,ORD00129,PROD0498,2,133.96,14.7
ITEM00306,ORD00154,PROD0305,4,165.57,0.0
ITEM01202,ORD00596,PROD0429,5,287.84,0.0
ITEM00386,ORD00193,PROD0392,5,604.11,0.0
ITEM00531,ORD00265,PROD0192,4,70.86,0.0
ITEM01155,ORD00573,PROD0362,4,305.72,11.3
ITEM00624,ORD00312,PROD0158,1,531.31,1.5
ITEM00565,ORD00282,PROD0032,3,254.83,0.0
ITEM01220,ORD00606,PROD0226,2,103.67,0.0
ITEM00411,ORD00205,PROD0039,5,185.27,0.0
ITEM00825,ORD00408,PROD0403,1,593.08,0.0
ITEM01221,ORD00606,PROD0172,4,107.15,14.0
ITEM01306,ORD00645,PROD0322,1,256.73,0.0
ITEM01030,ORD00511,PROD0243,4,357.0,13.5
ITEM00058,ORD00028,PROD0046,3,310.49,4.7
ITEM00969,ORD00484,PROD0285,2,7.04,0.0
ITEM00985,ORD00492,PROD0189,1,352.08,0.0
ITEM00626,ORD00313,PROD0234,4,18.31,12.5
ITEM01267,ORD00628,PROD0201,1,81.23,0.0
ITEM00600,ORD00299,PROD0295,1,93.11,10.4
ITEM01303,ORD00643,PROD0516,-1,42.38,0.0
ITEM00507,ORD00254,PROD0453,1,384.3,13.4
ITEM00010,ORD00004,PROD0109,2,344.91,0.0
ITEM00121,ORD00060,PROD0104,3,388.38,0.0
ITEM00710,ORD00355,PROD0162,1,473.97,6.5
ITEM01216,ORD00604,PROD0235,5,314.72,15.6
ITEM00243,ORD00121,PROD0136,2,449.3,0.0
ITEM00597,ORD00297,PROD0381,4,253.18,0.0
ITEM00828,ORD00409,PROD0291,1,579.09,0.0
ITEM00589,ORD00294,PROD0238,2,570.5,0.0
ITEM01119,ORD00557,PROD0316,4,312.6,0.0
ITEM00860,ORD00428,PROD0195,5,85.9,0.0
ITEM00693,ORD00347,PROD0448,2,414.22,7.5
ITEM00524,ORD00262,PROD0472,1,55.68,0.0
ITEM00219,ORD00110,PROD0175,1,645.48,0.0
ITEM00930,ORD00461,PROD0147,2,468.12,0.0
ITEM01028,ORD00510,PROD0118,1,238.26,0.0
ITEM00932,ORD00462,PROD0081,4,342.81,17.0
ITEM00879,ORD00435,PROD0415,1,475.34,0.0
ITEM00445,ORD00222,PROD0314,3,127.86,7.2
ITEM01154,ORD00573,PROD0022,3,533.99,0.0
ITEM00342,ORD00171,PROD0189,5,371.67,12.5
ITEM00517,ORD00258,PROD0355,1,531.79,0.0
ITEM00122,ORD00061,PROD0244,4,120.44,14.2
ITEM00387,ORD00193,PROD0132,1,640.99,0.5
ITEM00961,ORD00479,PROD0237,2,455.36,0.0
ITEM00856,ORD00425,PROD0051,3,191.24,6.8
ITEM00604,ORD00301,PROD0305,1,167.5,0.0
ITEM00763,ORD00382,PROD0495,2,132.66,0.0
ITEM00944,ORD00469,PROD0241,1,266.36,0.0
ITEM01271,ORD00630,PROD0181,1,252.94,1.1
ITEM00128,ORD00064,PROD0046,5,306.6,0.0
ITEM00499,ORD00250,PROD0243,5,374.44,0.0
ITEM00134,ORD00067,PROD0453,2,392.87,0.0
ITEM00339,ORD00169,PROD0431,4,121.41,0.0
ITEM01053,ORD00524,PROD0258,3,387.59,19.0
ITEM00346,ORD00173,PROD0177,5,21.69,1.1
ITEM00421,ORD00210,PROD0479,4,429.73,10.2
ITEM00480,ORD00238,PROD0406,5,483.61,0.0
ITEM01290,ORD00638,PROD0050,4,93.63,14.9
ITEM00634,ORD00316,PROD0082,5,457.94,0.0
ITEM01185,ORD00587,PROD0193,2,356.49,0.0
ITEM01300,ORD00642,PROD0295,2,82.71,11.7
ITEM00666,ORD00334,PROD0164,2,335.83,0.0
ITEM01138,ORD00565,PROD0041,2,594.94,19.9
ITEM00723,ORD00361,PROD0431,4,134.07,7.5
ITEM00204,ORD00103,PROD0156,2,393.85,0.0
ITEM00935,ORD00465,PROD0075,4,112.51,10.1
ITEM00300,ORD00151,PROD0376,3,200.61,2.3
ITEM00898,ORD00444,PROD0292,3,119.78,0.0
ITEM00500,ORD00250,PROD0412,4,456.32,0.0
ITEM00132,ORD00066,PROD0232,4,312.37,14.2
ITEM00714,ORD00358,PROD0232,3,297.32,0.0
ITEM00809,ORD00402,PROD0355,2,598.69,0.0
ITEM01112,ORD00554,PROD0481,1,501.69,0.0
ITEM00734,ORD00366,PROD0092,4,671.88,0.0
ITEM00766,ORD00383,PROD0070,3,600.41,0.0
ITEM01009,ORD00503,PROD0418,2,377.55,15.8
ITEM01145,ORD00570,PROD0450,3,301.18,0.0
ITEM00800,ORD00397,PROD0143,2,333.35,0.0
ITEM00334,ORD00168,PROD0208,5,42.26,6.1
ITEM00784,ORD00391,PROD0148,2,177.21,0.0
ITEM00465,ORD00232,PROD0309,2,609.14,0.0
ITEM00434,ORD00218,PROD0173,3,230.82,0.0
ITEM00939,ORD00466,PROD0205,2,65.37,14.8
ITEM00383,ORD00191,PROD0098,1,37.88,17.7
ITEM01003,ORD00499,PROD0266,2,279.15,5.1
ITEM00126,ORD00063,PROD0320,4,227.23,0.0
ITEM00804,ORD00399,PROD0439,4,96.82,0.0
ITEM00821,ORD00407,PROD0419,4,272.79,12.5
ITEM01195,ORD00593,PROD0462,4,577.58,0.0
ITEM00478,ORD00238,PROD0048,2,188.98,0.5
ITEM00591,ORD00295,PROD0455,3,272.52,0.0
ITEM01066,ORD00530,PROD0110,5,397.81,3.1
ITEM00359,ORD00180,PROD0415,5,476.91,11.5
ITEM01060,ORD00527,PROD0057,5,500.87,0.0
ITEM00662,ORD00332,PROD0517,1,68.25,0.0
ITEM00388,ORD00193,PROD0514,4,636.88,0.0
ITEM00812,ORD00403,PROD0050,2,85.91,14.1
ITEM00645,ORD00321,PROD0339,3,44.41,5.2
ITEM00858,ORD00427,PROD0486,4,613.55,9.5
ITEM01131,ORD00562,PROD0264,4,391.4,0.0
ITEM00345,ORD00173,PROD0302,1,236.06,0.0
ITEM00157,ORD00080,PROD0201,4,75.4,0.0
ITEM00365,ORD00182,PROD0127,4,47.22,3.5
ITEM00418,ORD00208,PROD0471,3,125.82,0.0
ITEM00602,ORD00300,PROD0141,4,8.55,0.0
ITEM00689,ORD00345,PROD0482,5,268.31,11.4
ITEM00238,ORD00118,PROD0278,4,535.36,4.0
ITEM00149,ORD00076,PROD0073,2,248.03,0.0
ITEM00681,ORD00341,PROD0168,2,9.33,0.0
ITEM00012,ORD00005,PROD0133,1,345.44,0.5
ITEM00044,ORD00021,PROD0518,2,654.5,9.2
ITEM00682,ORD00342,PROD0394,3,541.39,1.6
ITEM01250,ORD00620,PROD0207,5,289.87,0.0
ITEM01025,ORD00509,PROD0448,1,418.11,0.0
ITEM01116,ORD00556,PROD0015,3,557.36,12.7
ITEM00174,ORD00090,PROD0390,1,130.13,0.0
ITEM01261,ORD00625,PROD0450,3,320.88,0.0
ITEM00926,ORD00460,PROD0469,4,36.02,1.1
ITEM01209,ORD00598,PROD0167,4,590.71,0.0
ITEM00451,ORD00226,PROD0310,4,149.62,9.8
ITEM00873,ORD00433,PROD0492,1,261.83,0.0
ITEM00548,ORD00274,PROD0080,2,173.56,0.0
ITEM01027,ORD00510,PROD0018,3,265.2,0.0
ITEM00737,ORD00367,PROD0283,3,466.0,0.0
ITEM00648,ORD00322,PROD0196,1,171.86,12.6
ITEM00244,ORD00121,PROD0416,-2,46.83,6.5
ITEM00818,ORD00405,PROD0290,1,92.68,0.0
ITEM00703,ORD00352,PROD0202,5,524.76,8.3
ITEM00831,ORD00411,PROD0146,2,24.18,0.0
ITEM00050,ORD00025,PROD0149,1,164.08,0.0
ITEM00343,ORD00171,PROD0227,5,33.72,0.0
ITEM00123,ORD00061,PROD0378,2,625.92,0.0
ITEM00970,ORD00485,PROD0133,4,349.44,0.0
ITEM00455,ORD00229,PROD0458,2,14.77,0.0
ITEM00940,ORD00467,PROD0355,1,533.97,0.0
ITEM01168,ORD00579,PROD0519,3,327.76,0.0
ITEM00628,ORD00314,PROD0217,3,372.1,0.0
ITEM01024,ORD00508,PROD0413,2,233.1,0.0
ITEM01259,ORD00624,PROD0365,1,157.57,11.7
ITEM00039,ORD00019,PROD0375,4,542.79,0.0
ITEM01102,ORD00549,PROD0394,4,529.08,19.1
ITEM00917,ORD00456,PROD0418,5,400.83,16.2
ITEM00426,ORD00213,PROD0342,1,441.62,0.0
ITEM01177,ORD00583,PROD0174,5,41.75,2.5
ITEM00424,ORD00211,PROD0074,1,12.7,0.0
ITEM00551,ORD00275,PROD0283,1,465.16,0.0
ITEM01203,ORD00596,PROD0441,2,481.83,0.0
ITEM00248,ORD00123,PROD0296,5,8.19,0.0
ITEM00615,ORD00306,PROD0515,1,96.75,10.8
ITEM00943,ORD00469,PROD0167,2,677.99,8.3
ITEM00922,ORD00459,PROD0359,2,522.98,0.0
ITEM00817,ORD00405,PROD0293,4,167.63,7.4
ITEM01096,ORD00547,PROD0053,1,224.84,0.8
ITEM01023,ORD00507,PROD0289,1,237.83,0.0
ITEM01163,ORD00577,PROD0503,1,99.31,13.6
ITEM00997,ORD00497,PROD0387,3,370.18,7.1
ITEM00660,ORD00331,PROD0113,3,386.74,0.0
ITEM00606,ORD00301,PROD0466,3,349.13,5.4
ITEM01130,ORD00562,PROD0163,3,137.43,0.0
ITEM01073,ORD00534,PROD0273,-3,546.45,14.1
ITEM00450,ORD00226,PROD0411,3,181.56,0.0
ITEM00138,ORD00069,PROD0249,5,495.16,2.2
ITEM00694,ORD00348,PROD0007,1,589.83,0.0
ITEM00554,ORD00276,PROD0437,1,344.46,0.0
ITEM00512,ORD00256,PROD0508,2,508.28,0.0
ITEM01230,ORD00612,PROD0100,4,387.36,3.7
ITEM00781,ORD00389,PROD0440,-1,67.49,0.0
ITEM00976,ORD00487,PROD0024,4,140.01,1.4
ITEM00555,ORD00277,PROD0435,5,95.73,0.0
ITEM00390,ORD00194,PROD0158,4,528.5,15.0
ITEM00890,ORD00440,PROD0436,1,209.79,0.0
ITEM00152,ORD00077,PROD0118,4,246.72,0.0
ITEM00850,ORD00423,PROD0377,-1,614.05,19.6
ITEM01279,ORD00634,PROD0492,4,247.15,0.0
ITEM01243,ORD00617,PROD0284,1,102.6,0.0
ITEM00252,ORD00125,PROD0048,2,186.3,6.2
ITEM00361,ORD00181,PROD0175,4,611.61,12.4
ITEM01309,ORD00646,PROD0478,5,401.37,0.0
ITEM00832,ORD00412,PROD0182,1,116.5,0.0
ITEM00066,ORD00031,PROD0490,5,35.89,14.5
ITEM00618,ORD00308,PROD0271,1,68.84,0.0
ITEM00669,ORD00336,PROD0204,1,19.23,12.0
ITEM01041,ORD00519,PROD0206,1,431.27,1.8
ITEM00757,ORD00379,PROD0385,-1,418.42,1.3
ITEM00736,ORD00367,PROD0049,4,318.9,2.8
ITEM00881,ORD00436,PROD0427,5,30.49,19.7
ITEM00102,ORD00050,PROD0439,4,98.43,5.4
ITEM00069,ORD00034,PROD0076,4,337.83,0.0
ITEM00254,ORD00126,PROD0354,4,548.54,0.0
ITEM00432,ORD00217,PROD0513,5,101.21,0.0
ITEM00984,ORD00491,PROD0494,5,224.12,11.9
ITEM00362,ORD00181,PROD0015,3,537.62,2.2
ITEM01204,ORD00596,PROD0479,2,469.38,0.0
ITEM00664,ORD00333,PROD0345,3,452.39,0.0
ITEM01176,ORD00582,PROD0222,2,271.0,0.0
ITEM00510,ORD00255,PROD0233,3,219.58,0.0
ITEM00849,ORD00423,PROD0220,3,269.37,13.5
ITEM00079,ORD00038,PROD0102,2,431.5,0.0
ITEM01299,ORD00642,PROD0445,5,440.49,0.0
ITEM00261,ORD00129,PROD0138,1,34.04,0.0
ITEM01215,ORD00603,PROD0410,2,161.04,9.6
ITEM00656,ORD00328,PROD0355,3,558.12,5.6
ITEM00515,ORD00257,PROD0048,3,173.15,17.1
ITEM00210,ORD00105,PROD0244,5,116.0,0.0
ITEM00518,ORD00258,PROD0161,4,456.5,3.1
ITEM00270,ORD00135,PROD0219,5,219.94,4.1
ITEM00363,ORD00181,PROD0017,5,171.54,0.0
ITEM00433,ORD00217,PROD0282,1,617.59,9.4
ITEM00897,ORD00443,PROD0102,2,384.32,0.0
ITEM00683,ORD00343,PROD0327,3,671.29,19.1
ITEM00696,ORD00349,PROD0295,2,91.19,0.0
ITEM00770,ORD00385,PROD0341,3,87.87,0.0
ITEM00525,ORD00262,PROD0178,1,636.46,0.0
ITEM00443,ORD00222,PROD0341,3,86.42,1.2
ITEM00774,ORD00387,PROD0290,4,104.36,6.0
ITEM01034,ORD00514,PROD0468,1,24.96,4.3
ITEM00477,ORD00237,PROD0053,4,255.9,0.0
ITEM00654,ORD00326,PROD0031,2,66.87,0.0
ITEM00948,ORD00472,PROD0448,4,415.71,0.0
ITEM00982,ORD00490,PROD0148,1,203.5,0.0
ITEM00938,ORD00466,PROD0471,2,124.28,12.5
ITEM00782,ORD00389,PROD0010,3,113.27,0.0
ITEM00719,ORD00360,PROD0054,3,143.45,0.0
ITEM00888,ORD00439,PROD0270,3,537.67,16.5
ITEM01099,ORD00548,PROD0171,3,567.79,0.0
ITEM00330,ORD00166,PROD0258,3,377.14,0.0
ITEM00753,ORD00377,PROD0095,1,208.62,0.0
ITEM01171,ORD00580,PROD0003,4,310.95,0.0
ITEM01035,ORD00515,PROD0048,5,180.75,0.0
ITEM00148,ORD00076,PROD0492,5,249.1,0.0
ITEM00556,ORD00278,PROD0055,2,178.27,5.2
ITEM00144,ORD00074,PROD0495,3,122.28,0.0
ITEM01141,ORD00568,PROD0422,1,115.68,0.0
ITEM01055,ORD00524,PROD0134,2,426.35,0.0
ITEM00331,ORD00167,PROD0222,1,270.16,0.0
ITEM01146,ORD00570,PROD0027,5,261.08,10.6
ITEM00085,ORD00042,PROD0332,1,135.66,0.0
ITEM01121,ORD00558,PROD0019,2,202.48,0.0
ITEM00442,ORD00221,PROD0064,3,112.79,0.0
ITEM00582,ORD00291,PROD0444,3,18.39,9.4
ITEM00240,ORD00119,PROD0498,3,124.43,0.0
ITEM00843,ORD00419,PROD0467,2,311.19,18.8
ITEM00227,ORD00113,PROD0268,5,581.21,0.0
ITEM00196,ORD00099,PROD0079,-1,14.39,18.5
ITEM01170,ORD00580,PROD0294,2,123.03,0.0
ITEM00605,ORD00301,PROD0053,1,231.86,0.0
ITEM00215,ORD00108,PROD0506,3,168.2,0.0
ITEM00601,ORD00300,PROD0439,-2,90.75,11.1
ITEM00708,ORD00355,PROD0456,5,352.24,0.0
ITEM00470,ORD00234,PROD0086,5,98.16,0.0
ITEM00516,ORD00257,PROD0196,3,156.37,0.0
ITEM01245,ORD00618,PROD0238,5,638.54,0.0
ITEM00072,ORD00035,PROD0090,5,50.71,0.0
ITEM00190,ORD00096,PROD0373,1,220.94,1.3
ITEM00031,ORD00014,PROD0052,3,225.38,19.2
ITEM00377,ORD00187,PROD0374,-1,488.43,0.0
ITEM00560,ORD00280,PROD0078,1,43.58,0.0
ITEM00951,ORD00473,PROD0224,5,255.05,0.0
ITEM00198,ORD00100,PROD0057,4,550.96,0.6
ITEM00155,ORD00079,PROD0367,5,115.01,0.0
ITEM00504,ORD00251,PROD0233,5,214.6,17.3
ITEM00182,ORD00093,PROD0066,4,393.77,0.0
ITEM00777,ORD00388,PROD0009,1,121.84,7.3
ITEM00506,ORD00253,PROD0025,3,453.34,19.0
ITEM01075,ORD00535,PROD0498,2,129.7,0.0
ITEM00785,ORD00391,PROD0082,5,421.77,0.0
ITEM01285,ORD00636,PROD0279,1,610.22,7.3
ITEM01136,ORD00564,PROD0391,3,299.47,0.0
ITEM00454,ORD00228,PROD0212,2,636.01,0.0
ITEM00439,ORD00220,PROD0082,4,438.94,0.0
ITEM01217,ORD00604,PROD0296,2,7.92,0.0
ITEM00109,ORD00054,PROD0492,5,240.16,10.4
ITEM01166,ORD00578,PROD0519,3,335.34,11.2
ITEM00952,ORD00474,PROD0370,4,64.8,5.2
ITEM00249,ORD00124,PROD0353,4,344.88,0.0
ITEM00220,ORD00111,PROD0463,3,538.85,0.0
ITEM00724,ORD00361,PROD0362,5,337.98,19.0
ITEM01140,ORD00567,PROD0454,3,485.7,0.0
ITEM01076,ORD00535,PROD0101,5,318.71,0.0
ITEM01269,ORD00629,PROD0117,3,617.78,10.4
ITEM00698,ORD00350,PROD0444,4,17.57,0.0
ITEM00273,ORD00136,PROD0183,4,340.71,0.0
ITEM01184,ORD00586,PROD0390,1,108.63,0.0
ITEM00558,ORD00279,PROD0401,2,570.86,0.0
ITEM00407,ORD00203,PROD0020,1,211.77,5.8
ITEM00156,ORD00079,PROD0212,-1,606.72,14.7
ITEM00382,ORD00190,PROD0109,-2,374.91,0.0
ITEM00621,ORD00310,PROD0283,2,503.56,10.2
ITEM01124,ORD00559,PROD0393,1,478.43,0.0
ITEM00191,ORD00097,PROD0298,5,246.89,14.9
ITEM00886,ORD00438,PROD0210,1,268.06,0.0
ITEM00765,ORD00383,PROD0200,3,480.24,4.4
ITEM00863,ORD00429,PROD0365,4,144.42,0.0
ITEM00630,ORD00315,PROD0038,4,10.87,0.0
ITEM01004,ORD00500,PROD0396,4,163.93,0.0
ITEM00738,ORD00368,PROD0344,2,43.57,13.1
ITEM00246,ORD00122,PROD0281,4,44.21,8.8
ITEM00185,ORD00094,PROD0401,5,560.45,0.0
ITEM00054,ORD00027,PROD0370,3,58.58,19.3
ITEM00900,ORD00444,PROD0101,1,351.36,11.8
ITEM01182,ORD00586,PROD0018,2,255.78,7.8
ITEM00385,ORD00192,PROD0309,4,529.85,7.8
ITEM00040,ORD00020,PROD0070,1,591.23,0.0
ITEM00542,ORD00271,PROD0142,-1,445.65,0.0
ITEM00872,ORD00432,PROD0188,5,581.62,19.9
ITEM01302,ORD00643,PROD0247,4,513.38,0.0
ITEM01134,ORD00564,PROD0015,-1,529.81,17.4
ITEM00410,ORD00205,PROD0455,5,289.46,0.0
ITEM00043,ORD00021,PROD0394,5,492.07,0.0
ITEM01059,ORD00526,PROD0259,5,187.95,0.0
ITEM01078,ORD00536,PROD0012,3,334.45,0.0
ITEM00840,ORD00416,PROD0396,1,184.35,0.0
ITEM00063,ORD00030,PROD0497,3,430.1,13.4
ITEM00588,ORD00294,PROD0416,3,43.28,0.0
ITEM01191,ORD00591,PROD0248,2,19.97,1.2
ITEM01118,ORD00557,PROD0514,2,689.0,0.0
ITEM00316,ORD00160,PROD0157,5,293.41,17.2
ITEM00042,ORD00020,PROD0223,4,496.75,12.1
ITEM00141,ORD00072,PROD0404,1,189.37,0.0
ITEM00851,ORD00423,PROD0180,4,52.86,0.0
ITEM00679,ORD00340,PROD0213,3,460.07,0.0
ITEM00356,ORD00179,PROD0318,2,531.83,4.9
ITEM00201,ORD00102,PROD0172,5,92.38,0.0
ITEM00880,ORD00436,PROD0308,2,234.59,18.1
ITEM00481,ORD00239,PROD0275,3,403.24,8.2
ITEM00223,ORD00112,PROD0152,3,20.95,0.0
ITEM00836,ORD00414,PROD0014,1,183.32,2.8
ITEM00854,ORD00424,PROD0393,2,508.7,15.9
ITEM00975,ORD00487,PROD0480,-1,487.6,0.0
ITEM00667,ORD00334,PROD0297,2,512.17,0.0
ITEM00401,ORD00200,PROD0388,1,330.32,8.9
ITEM00937,ORD00465,PROD0507,2,572.49,0.0
ITEM00099,ORD00049,PROD0010,5,105.96,4.2
ITEM01162,ORD00576,PROD0461,3,157.19,0.0
ITEM00167,ORD00085,PROD0179,3,157.12,0.0
ITEM00253,ORD00125,PROD0224,3,281.82,0.0
ITEM00670,ORD00336,PROD0426,5,599.49,0.0
ITEM00637,ORD00317,PROD0482,1,261.94,0.0
ITEM00958,ORD00476,PROD0432,3,628.63,0.0
ITEM00929,ORD00461,PROD0507,5,499.07,18.9
ITEM00233,ORD00116,PROD0454,1,471.71,0.0
ITEM00688,ORD00345,PROD0216,1,36.89,16.9
ITEM00788,ORD00392,PROD0310,4,145.94,0.0
ITEM01071,ORD00533,PROD0286,3,474.31,0.0
ITEM00011,ORD00005,PROD0018,2,245.19,0.0
ITEM00459,ORD00230,PROD0368,1,561.67,0.0
ITEM00068,ORD00033,PROD0181,1,224.31,0.0
ITEM00496,ORD00248,PROD0138,3,34.48,0.0
ITEM00726,ORD00362,PROD0444,4,18.0,11.4
ITEM00706,ORD00353,PROD0426,5,575.65,0.0
ITEM00871,ORD00432,PROD0362,3,294.95,0.0
ITEM00173,ORD00089,PROD0495,5,132.43,8.0
ITEM00318,ORD00161,PROD0317,4,410.29,0.0
ITEM01286,ORD00637,PROD0186,2,413.1,10.4
ITEM00730,ORD00365,PROD0079,1,14.84,0.0
ITEM00427,ORD00214,PROD0238,5,635.17,0.0
ITEM00391,ORD00195,PROD0246,1,168.77,2.3
ITEM00802,ORD00398,PROD0144,3,250.69,17.0
ITEM00573,ORD00286,PROD0354,3,569.17,0.0
ITEM00813,ORD00403,PROD0136,1,515.21,0.0
ITEM00750,ORD00376,PROD0063,4,474.86,0.0
ITEM00795,ORD00395,PROD0500,4,353.68,10.0
ITEM01222,ORD00607,PROD0010,-2,99.71,0.0
ITEM01161,ORD00576,PROD0504,3,234.3,0.0
ITEM01201,ORD00595,PROD0482,3,249.23,0.0
ITEM00983,ORD00491,PROD0289,5,235.01,0.0
ITEM00761,ORD00380,PROD0517,1,60.57,16.1
ITEM01036,ORD00516,PROD0119,3,506.11,0.0
ITEM00475,ORD00237,PROD0391,3,296.56,0.0
ITEM00878,ORD00435,PROD0368,4,570.05,6.1
ITEM01248,ORD00619,PROD0362,1,354.82,0.0
ITEM00834,ORD00413,PROD0500,-3,315.39,0.0
ITEM00176,ORD00090,PROD0435,-2,97.38,12.0
ITEM00263,ORD00130,PROD0503,5,114.17,0.0
ITEM00751,ORD00376,PROD0402,2,482.13,3.0
ITEM00035,ORD00016,PROD0312,-2,442.53,11.5
ITEM00153,ORD00078,PROD0504,4,228.11,0.0
ITEM01264,ORD00627,PROD0192,2,81.88,7.6
ITEM00276,ORD00138,PROD0131,5,412.61,0.0
ITEM00340,ORD00170,PROD0078,3,46.04,0.0
ITEM01052,ORD00523,PROD0247,2,562.49,0.0
ITEM00789,ORD00393,PROD0002,5,138.99,0.0
ITEM00197,ORD00100,PROD0352,2,214.68,17.0
ITEM00847,ORD00422,PROD0048,1,185.83,0.0
ITEM00217,ORD00109,PROD0192,1,79.17,0.0
ITEM01093,ORD00545,PROD0183,2,353.69,13.7
ITEM00629,ORD00314,PROD0423,2,167.07,6.4
ITEM00022,ORD00010,PROD0364,1,407.93,0.0
ITEM00797,ORD00396,PROD0455,4,292.2,0.0
ITEM00659,ORD00330,PROD0228,1,570.9,18.8
ITEM00466,ORD00232,PROD0299,5,24.2,0.0
ITEM00083,ORD00040,PROD0209,2,12.97,0.0
ITEM00462,ORD00231,PROD0090,5,47.84,10.9
ITEM01239,ORD00615,PROD0394,1,561.91,17.0
ITEM00639,ORD00318,PROD0383,2,413.12,0.0
ITEM00674,ORD00337,PROD0334,1,58.87,0.0
ITEM01262,ORD00625,PROD0108,-1,156.1,6.9
ITEM01050,ORD00523,PROD0173,2,230.68,15.6
ITEM00213,ORD00106,PROD0421,3,50.92,0.0
ITEM01045,ORD00521,PROD0097,4,388.1,4.5
ITEM01225,ORD00609,PROD0115,1,452.39,16.9
ITEM00452,ORD00226,PROD0283,3,453.35,7.2
ITEM00778,ORD00388,PROD0387,5,328.72,0.0
ITEM00231,ORD00115,PROD0087,3,492.41,0.0
ITEM01021,ORD00507,PROD0001,1,170.87,7.3
ITEM00355,ORD00178,PROD0246,5,181.74,0.0
ITEM00874,ORD00433,PROD0440,4,60.15,7.5
ITEM00160,ORD00081,PROD0192,5,81.79,18.7
ITEM00620,ORD00309,PROD0046,5,322.96,9.7
ITEM00732,ORD00365,PROD0467,2,291.46,0.0
ITEM01117,ORD00556,PROD0321,2,491.17,9.2
ITEM00575,ORD00287,PROD0159,5,331.08,0.0
ITEM00966,ORD00482,PROD0471,4,122.21,0.1
ITEM00709,ORD00355,PROD0424,1,474.33,8.4
ITEM01086,ORD00540,PROD0405,3,288.77,6.3
ITEM00444,ORD00222,PROD0219,2,222.67,8.5
ITEM01077,ORD00535,PROD0030,3,51.19,0.0
ITEM01083,ORD00538,PROD0478,1,382.77,0.0
ITEM00041,ORD00020,PROD0145,2,527.97,13.2
ITEM00755,ORD00378,PROD0492,3,260.11,0.0
ITEM00211,ORD00106,PROD0050,5,90.44,18.5
ITEM00274,ORD00136,PROD0373,3,207.45,0.0
ITEM00904,ORD00447,PROD0183,2,329.52,0.0
ITEM01120,ORD00558,PROD0387,1,322.99,0.0
ITEM00747,ORD00373,PROD0380,5,121.9,18.8
ITEM00538,ORD00268,PROD0062,1,526.9,0.0
ITEM00687,ORD00344,PROD0519,3,348.39,0.0
ITEM00038,ORD00018,PROD0143,3,348.32,0.0
ITEM00745,ORD00372,PROD0504,5,234.85,20.0
ITEM00158,ORD00081,PROD0098,5,39.31,0.0
ITEM00460,ORD00230,PROD0315,4,437.99,0.0
ITEM01275,ORD00632,PROD0171,4,602.36,4.7
ITEM00792,ORD00394,PROD0101,2,303.23,0.2
ITEM00771,ORD00386,PROD0224,1,245.05,0.0
ITEM01122,ORD00558,PROD0355,5,586.04,1.6
ITEM01156,ORD00574,PROD0085,5,260.7,2.7
ITEM00882,ORD00436,PROD0050,2,81.68,13.9
ITEM00337,ORD00169,PROD0023,1,458.61,0.0
ITEM01105,ORD00550,PROD0061,5,391.79,9.8
ITEM00796,ORD00395,PROD0180,5,51.15,0.0
ITEM01000,ORD00498,PROD0026,5,241.53,16.4
ITEM01091,ORD00544,PROD0345,4,522.35,6.0
ITEM01247,ORD00618,PROD0057,3,498.76,0.0
ITEM00205,ORD00104,PROD0033,4,507.24,12.4
ITEM00652,ORD00324,PROD0291,4,635.32,0.0
ITEM00924,ORD00459,PROD0067,2,280.34,13.4
ITEM00502,ORD00251,PROD0449,2,248.47,15.6
ITEM01296,ORD00641,PROD0135,1,470.84,6.0
ITEM00810,ORD00402,PROD0418,2,363.53,3.8
ITEM00305,ORD00153,PROD0457,4,352.11,0.0
ITEM00333,ORD00167,PROD0036,5,222.53,0.0
ITEM00657,ORD00329,PROD0136,3,520.12,15.6
ITEM00321,ORD00162,PROD0331,2,308.86,1.9
ITEM00181,ORD00093,PROD0074,2,11.24,12.0
ITEM00596,ORD00297,PROD0421,3,55.15,2.3
ITEM00289,ORD00145,PROD0406,5,547.37,0.0
ITEM00876,ORD00434,PROD0165,3,653.25,4.2
ITEM00429,ORD00214,PROD0121,3,189.23,0.0
ITEM00752,ORD00377,PROD0353,4,325.23,8.4
ITEM01037,ORD00516,PROD0186,1,446.19,0.0
ITEM01157,ORD00574,PROD0215,4,443.37,0.0
ITEM00729,ORD00364,PROD0064,1,124.03,0.0
ITEM00258,ORD00127,PROD0472,1,49.52,0.0
ITEM00665,ORD00334,PROD0059,-3,433.12,0.0
ITEM00320,ORD00161,PROD0413,2,262.26,0.0
ITEM01190,ORD00590,PROD0436,4,227.05,1.6
ITEM00369,ORD00183,PROD0491,2,553.95,18.7
ITEM01258,ORD00624,PROD0347,5,146.47,0.0
ITEM00002,ORD00002,PROD0073,3,246.81,0.0
ITEM00824,ORD00408,PROD0474,4,589.8,0.0
ITEM00430,ORD00215,PROD0366,4,257.54,0.0
ITEM00037,ORD00018,PROD0156,4,354.13,1.1
ITEM00091,ORD00045,PROD0398,5,461.93,0.0
ITEM00228,ORD00113,PROD0322,5,241.94,0.0
ITEM01175,ORD00581,PROD0093,4,241.11,4.7
ITEM00212,ORD00106,PROD0459,5,116.47,0.0
ITEM00760,ORD00380,PROD0338,4,439.21,7.7
ITEM00352,ORD00176,PROD0476,1,345.52,0.0
ITEM01109,ORD00553,PROD0405,1,270.71,0.0
ITEM00008,ORD00004,PROD0045,1,340.89,0.0
ITEM00266,ORD00132,PROD0330,4,353.29,0.0
ITEM00268,ORD00133,PROD0487,3,335.51,0.0
ITEM00235,ORD00117,PROD0203,2,430.56,0.0
ITEM01129,ORD00561,PROD0033,3,565.69,0.0
ITEM00399,ORD00199,PROD0037,1,350.89,3.4
ITEM00130,ORD00065,PROD0231,5,191.52,7.0
ITEM01082,ORD00538,PROD0445,1,413.59,18.1
ITEM00298,ORD00150,PROD0272,4,337.98,0.0
ITEM00461,ORD00231,PROD0041,4,588.53,2.8
ITEM00103,ORD00051,PROD0143,1,357.11,0.0
ITEM01272,ORD00631,PROD0412,1,450.18,7.4
ITEM00047,ORD00023,PROD0251,5,262.62,0.0
ITEM01283,ORD00636,PROD0417,1,193.22,0.0
ITEM00713,ORD00357,PROD0234,3,18.66,7.2
ITEM00965,ORD00481,PROD0340,2,568.76,0.0
ITEM00142,ORD00073,PROD0290,3,86.7,0.0
ITEM00776,ORD00387,PROD0337,5,577.45,0.0
ITEM00643,ORD00320,PROD0158,1,470.16,0.0
ITEM00949,ORD00473,PROD0009,3,122.1,0.0
ITEM00124,ORD00061,PROD0435,5,96.26,0.0
ITEM00697,ORD00350,PROD0086,5,106.13,0.0
ITEM00186,ORD00094,PROD0467,1,324.46,0.0
ITEM00557,ORD00278,PROD0078,1,45.2,0.0
ITEM01307,ORD00645,PROD0452,2,330.86,0.0
ITEM00406,ORD00203,PROD0070,5,585.42,0.0
ITEM01252,ORD00622,PROD0449,5,237.19,0.0
ITEM01033,ORD00513,PROD0052,2,205.03,0.0
ITEM00764,ORD00383,PROD0424,5,502.3,8.6
ITEM00819,ORD00406,PROD0323,1,494.89,7.1
ITEM00915,ORD00454,PROD0181,1,232.07,18.7
ITEM00384,ORD00191,PROD0416,5,44.16,0.0
ITEM00469,ORD00233,PROD0241,4,304.64,0.0
ITEM01229,ORD00611,PROD0351,4,316.13,3.3
ITEM00547,ORD00274,PROD0423,2,183.89,0.0
ITEM00209,ORD00105,PROD0353,4,339.49,0.0
ITEM01293,ORD00640,PROD0486,4,624.12,0.0
ITEM00272,ORD00136,PROD0102,1,371.2,0.0
ITEM00791,ORD00393,PROD0073,4,247.92,0.0
ITEM00116,ORD00058,PROD0012,5,320.67,0.0
ITEM00651,ORD00324,PROD0037,3,349.82,0.0
ITEM00049,ORD00024,PROD0015,3,615.29,0.0
ITEM01257,ORD00623,PROD0496,1,149.12,0.0
ITEM00981,ORD00490,PROD0085,3,235.3,14.6
ITEM00375,ORD00186,PROD0096,1,180.13,0.0
ITEM01298,ORD00642,PROD0470,5,8.66,0.0
ITEM00862,ORD00428,PROD0403,3,568.64,16.4
ITEM00968,ORD00483,PROD0256,1,141.14,0.0
ITEM00699,ORD00351,PROD0262,3,27.85,0.0
ITEM00671,ORD00336,PROD0146,2,23.9,0.0
ITEM01172,ORD00580,PROD0151,3,282.94,0.0
ITEM00762,ORD00381,PROD0490,4,35.83,0.0
ITEM00988,ORD00494,PROD0516,1,46.98,13.1
ITEM00611,ORD00305,PROD0277,1,82.51,19.9
ITEM00906,ORD00449,PROD0345,1,498.85,0.0
ITEM00622,ORD00310,PROD0008,2,537.96,0.0
ITEM00395,ORD00197,PROD0444,3,16.49,0.0
ITEM01249,ORD00619,PROD0107,1,369.73,12.2
ITEM00315,ORD00159,PROD0285,5,6.14,17.8
ITEM00400,ORD00200,PROD0360,4,381.7,1.1
ITEM00549,ORD00275,PROD0059,1,433.42,0.0
ITEM00417,ORD00208,PROD0064,5,131.44,0.0
ITEM00642,ORD00319,PROD0302,2,269.54,0.0
ITEM01236,ORD00614,PROD0336,3,294.02,17.1
ITEM00313,ORD00159,PROD0280,3,358.79,0.0
ITEM00093,ORD00046,PROD0394,5,493.08,1.2
ITEM00161,ORD00082,PROD0344,5,41.24,0.0
ITEM01070,ORD00533,PROD0395,4,125.05,0.0
ITEM00646,ORD00321,PROD0502,4,229.73,4.0
ITEM00636,ORD00317,PROD0468,3,26.5,0.0
ITEM00857,ORD00426,PROD0410,5,161.39,0.0
ITEM00893,ORD00441,PROD0037,1,371.61,18.8
ITEM00644,ORD00320,PROD0178,1,585.54,0.0
ITEM01226,ORD00609,PROD0128,3,530.67,0.0
ITEM01301,ORD00643,PROD0219,2,229.54,0.0
ITEM00291,ORD00146,PROD0114,1,603.22,0.0
ITEM00768,ORD00384,PROD0320,4,245.06,0.0
ITEM01237,ORD00615,PROD0498,2,133.61,0.0
ITEM00449,ORD00225,PROD0484,4,36.57,0.6
ITEM00485,ORD00242,PROD0127,5,48.44,0.0
ITEM00835,ORD00414,PROD0156,2,362.86,1.0
ITEM00986,ORD00493,PROD0443,-2,556.74,0.0
ITEM01274,ORD00632,PROD0225,1,181.83,0.0
ITEM01232,ORD00613,PROD0336,5,276.94,6.7
ITEM00393,ORD00195,PROD0286,4,487.01,3.4
ITEM00501,ORD00250,PROD0378,2,573.34,0.0
ITEM00027,ORD00012,PROD0161,2,520.72,19.6
ITEM00641,ORD00319,PROD0061,3,424.71,0.0
ITEM01256,ORD00623,PROD0383,5,422.91,7.7
ITEM00115,ORD00057,PROD0472,3,57.82,0.0
ITEM00887,ORD00439,PROD0440,5,65.42,19.7
ITEM01031,ORD00512,PROD0441,5,461.06,0.0
ITEM00901,ORD00445,PROD0329,3,585.94,13.9
ITEM00285,ORD00144,PROD0115,-2,448.44,0.0
ITEM00283,ORD00142,PROD0024,4,147.18,0.5
ITEM00188,ORD00095,PROD0199,4,48.5,14.5
ITEM00742,ORD00371,PROD0459,5,113.48,11.8
ITEM00846,ORD00421,PROD0188,3,582.26,15.9
ITEM00431,ORD00216,PROD0409,1,318.25,8.9
ITEM00790,ORD00393,PROD0201,-1,80.42,14.2
ITEM00911,ORD00452,PROD0428,2,324.91,0.0
ITEM00503,ORD00251,PROD0153,5,263.42,0.0
ITEM00599,ORD00299,PROD0201,1,72.98,0.0
ITEM01103,ORD00550,PROD0033,5,562.94,0.0
ITEM00635,ORD00317,PROD0498,2,125.97,0.0
ITEM00487,ORD00243,PROD0404,4,181.09,0.0
ITEM00482,ORD00240,PROD0509,2,567.76,0.0
ITEM00067,ORD00032,PROD0302,1,268.4,0.0
ITEM01046,ORD00521,PROD0107,3,337.08,8.2
ITEM00574,ORD00286,PROD0168,2,10.71,2.0
ITEM00653,ORD00325,PROD0324,3,302.56,0.0
ITEM00722,ORD00361,PROD0095,4,203.14,15.6
ITEM00954,ORD00474,PROD0159,4,298.78,0.0
ITEM00329,ORD00166,PROD0124,5,289.45,12.9
ITEM00993,ORD00496,PROD0046,2,319.5,9.8
ITEM00371,ORD00185,PROD0183,5,374.46,0.0
ITEM00104,ORD00051,PROD0180,4,56.07,8.6
ITEM00787,ORD00392,PROD0396,2,158.27,15.5
ITEM00129,ORD00064,PROD0374,1,487.04,0.0
ITEM00338,ORD00169,PROD0114,5,611.32,9.5
ITEM01183,ORD00586,PROD0020,5,212.16,0.0
ITEM00374,ORD00186,PROD0348,5,624.27,0.0
ITEM00178,ORD00092,PROD0220,4,286.86,0.0
ITEM00583,ORD00291,PROD0438,3,138.74,0.0
ITEM00106,ORD00053,PROD0344,1,38.5,0.0
ITEM00326,ORD00165,PROD0461,4,167.03,15.3
ITEM00100,ORD00049,PROD0174,4,47.27,7.5
ITEM00684,ORD00343,PROD0143,3,323.39,0.0
ITEM01313,ORD00648,PROD0012,5,325.5,10.9
ITEM00793,ORD00394,PROD0180,2,53.68,11.0
ITEM00650,ORD00323,PROD0209,1,12.69,1.9
ITEM00919,ORD00457,PROD0205,-1,59.32,0.0
ITEM00610,ORD00304,PROD0200,2,518.69,0.0
ITEM00852,ORD00424,PROD0157,1,281.4,0.0
ITEM00625,ORD00313,PROD0274,4,45.0,0.0
ITEM01139,ORD00566,PROD0363,2,33.5,0.2
ITEM00309,ORD00157,PROD0245,2,56.24,13.7
ITEM00112,ORD00055,PROD0481,1,466.84,0.0
ITEM00845,ORD00421,PROD0235,2,346.61,0.0
ITEM00307,ORD00155,PROD0343,5,73.88,0.0
ITEM00171,ORD00087,PROD0348,4,587.74,7.8
ITEM00779,ORD00388,PROD0137,3,437.39,0.0
ITEM00046,ORD00022,PROD0243,2,375.49,0.0
ITEM00242,ORD00120,PROD0149,5,175.68,13.9
ITEM01276,ORD00633,PROD0033,5,515.09,0.0
ITEM00368,ORD00183,PROD0512,2,531.36,0.0
ITEM01006,ORD00501,PROD0056,3,161.98,0.0
ITEM00528,ORD00263,PROD0077,3,214.28,0.0
ITEM00294,ORD00148,PROD0353,2,307.15,2.6
ITEM00373,ORD00185,PROD0297,3,445.79,0.0
ITEM00325,ORD00164,PROD0020,1,218.73,0.0
ITEM00005,ORD00003,PROD0042,5,94.41,0.0
ITEM00200,ORD00101,PROD0382,3,45.54,2.3
ITEM01029,ORD00511,PROD0317,1,466.7,0.0
ITEM01212,ORD00600,PROD0220,2,292.32,0.0
ITEM00896,ORD00442,PROD0084,5,67.55,0.0
ITEM01127,ORD00561,PROD0373,5,214.35,18.9
ITEM00614,ORD00306,PROD0433,1,171.04,0.0
ITEM00989,ORD00494,PROD0385,3,420.31,12.0
ITEM01008,ORD00502,PROD0076,4,376.46,0.0
ITEM00071,ORD00034,PROD0130,4,177.54,15.0
ITEM00786,ORD00391,PROD0015,2,548.45,18.7
ITEM00533,ORD00266,PROD0397,1,113.39,0.0
ITEM01224,ORD00608,PROD0331,2,322.52,0.0
ITEM00195,ORD00099,PROD0478,4,444.48,0.0
ITEM00327,ORD00165,PROD0265,3,204.41,0.0
ITEM01244,ORD00617,PROD0197,4,543.02,0.0
ITEM00229,ORD00114,PROD0498,2,139.34,0.0
ITEM00705,ORD00353,PROD0067,3,237.4,0.0
ITEM00064,ORD00030,PROD0116,1,17.08,1.9
ITEM00962,ORD00479,PROD0418,-3,401.95,0.0
ITEM00082,ORD00040,PROD0078,4,45.23,0.0
ITEM00701,ORD00351,PROD0374,4,487.98,17.1
ITEM00609,ORD00303,PROD0165,3,634.34,0.0
ITEM00921,ORD00458,PROD0153,1,268.45,0.0
ITEM00987,ORD00493,PROD0122,2,371.91,0.0
ITEM01018,ORD00506,PROD0193,5,365.19,7.4
ITEM00801,ORD00398,PROD0163,5,116.97,0.9
ITEM00280,ORD00141,PROD0066,1,379.93,0.0
ITEM00295,ORD00149,PROD0430,1,614.0,0.0
ITEM00108,ORD00054,PROD0493,2,446.39,0.0
ITEM00251,ORD00124,PROD0061,1,407.98,1.7
ITEM00532,ORD00265,PROD0304,2,323.21,0.0
ITEM00769,ORD00384,PROD0111,5,150.74,0.0
ITEM01297,ORD00641,PROD0096,4,176.14,10.2
ITEM00868,ORD00431,PROD0291,4,643.25,0.0
ITEM00570,ORD00285,PROD0212,3,621.42,0.0
ITEM00808,ORD00401,PROD0184,5,489.88,16.0
ITEM00767,ORD00384,PROD0080,1,180.84,0.0
ITEM01092,ORD00545,PROD0021,5,113.14,0.0
ITEM00372,ORD00185,PROD0457,5,360.82,0.0
ITEM00302,ORD00152,PROD0413,1,224.37,0.0
ITEM00189,ORD00095,PROD0224,1,287.26,0.0
ITEM00902,ORD00446,PROD0422,2,120.96,0.0
ITEM00903,ORD00446,PROD0450,3,295.4,0.0
ITEM00914,ORD00454,PROD0461,3,175.86,19.1
ITEM00844,ORD00420,PROD0266,4,275.27,0.0
ITEM00830,ORD00410,PROD0077,2,217.83,4.7
ITEM00169,ORD00085,PROD0083,2,97.1,0.0
ITEM00288,ORD00145,PROD0359,-1,558.2,6.9
ITEM00823,ORD00407,PROD0208,5,43.91,0.0
ITEM01291,ORD00639,PROD0397,4,127.89,0.0
ITEM00453,ORD00227,PROD0227,1,34.83,0.0
ITEM01289,ORD00638,PROD0070,4,575.62,0.0
ITEM00357,ORD00179,PROD0252,1,237.65,0.0
ITEM00286,ORD00144,PROD0175,3,643.94,0.0
ITEM00467,ORD00233,PROD0178,5,607.9,6.1
ITEM00990,ORD00495,PROD0470,3,8.87,0.0
ITEM00094,ORD00046,PROD0112,1,260.55,0.0
ITEM00623,ORD00311,PROD0104,1,366.47,0.0
ITEM01268,ORD00629,PROD0341,3,81.12,0.0
ITEM00491,ORD00246,PROD0011,1,476.15,0.0
ITEM00473,ORD00235,PROD0482,2,250.26,0.0
ITEM00021,ORD00010,PROD0508,1,454.3,0.0
ITEM01295,ORD00641,PROD0227,4,31.99,0.0
ITEM00036,ORD00017,PROD0169,4,335.34,0.0
ITEM00146,ORD00075,PROD0275,2,382.1,0.0
ITEM00257,ORD00127,PROD0100,3,402.13,3.3
ITEM00415,ORD00206,PROD0146,4,26.75,0.0
ITEM00166,ORD00084,PROD0265,4,181.52,0.0
ITEM00397,ORD00198,PROD0410,2,147.8,0.0
ITEM01085,ORD00539,PROD0495,5,133.93,0.2
ITEM00139,ORD00070,PROD0026,1,223.97,0.0
ITEM00541,ORD00270,PROD0436,4,226.84,17.0
ITEM00159,ORD00081,PROD0043,5,527.13,0.0
ITEM01150,ORD00571,PROD0117,-3,562.89,0.0
ITEM00977,ORD00487,PROD0424,2,475.82,0.0
ITEM01001,ORD00499,PROD0227,4,31.38,0.0
ITEM00075,ORD00036,PROD0450,1,319.5,0.0
ITEM00884,ORD00437,PROD0371,2,227.55,0.5
ITEM00239,ORD00119,PROD0379,1,397.8,0.0
ITEM00529,ORD00264,PROD0439,2,95.18,0.0
ITEM00498,ORD00249,PROD0015,5,571.85,8.2
ITEM01142,ORD00568,PROD0045,5,318.54,3.8
ITEM01263,ORD00626,PROD0131,4,450.19,0.0
ITEM01079,ORD00536,PROD0150,5,289.25,12.7
ITEM00820,ORD00406,PROD0280,3,376.94,0.0
ITEM00250,ORD00124,PROD0425,4,185.26,0.0
ITEM00256,ORD00127,PROD0416,4,48.82,15.4
ITEM00092,ORD00046,PROD0084,3,76.01,0.0
ITEM01101,ORD00549,PROD0357,3,281.1,0.0
ITEM01193,ORD00592,PROD0068,2,244.38,0.0
ITEM00568,ORD00284,PROD0508,3,470.67,17.9
ITEM00308,ORD00156,PROD0201,2,80.88,6.3
ITEM00110,ORD00054,PROD0307,2,152.07,2.6
ITEM00910,ORD00451,PROD0458,4,14.39,0.0
ITEM00720,ORD00360,PROD0307,4,138.7,0.0
ITEM00853,ORD00424,PROD0256,3,160.4,0.0
ITEM00476,ORD00237,PROD0466,4,348.0,0.0
ITEM00224,ORD00112,PROD0015,4,608.86,0.0
ITEM01315,ORD00649,PROD0430,1,622.2,14.3
ITEM00587,ORD00294,PROD0118,2,240.96,11.8
ITEM00232,ORD00116,PROD0475,4,510.52,0.0
ITEM00704,ORD00353,PROD0192,4,71.49,9.2
ITEM01042,ORD00520,PROD0292,1,123.3,0.0
ITEM00078,ORD00038,PROD0365,3,145.57,4.3
ITEM01017,ORD00505,PROD0023,1,432.11,1.7
ITEM00773,ORD00386,PROD0147,1,456.01,0.5
ITEM00260,ORD00128,PROD0295,5,90.15,6.0
ITEM00062,ORD00030,PROD0046,1,367.36,15.4
ITEM00422,ORD00210,PROD0484,4,34.78,0.0
ITEM01231,ORD00612,PROD0401,4,626.25,13.5
ITEM00051,ORD00026,PROD0010,2,97.84,9.4
ITEM00463,ORD00231,PROD0435,5,96.87,0.0
ITEM00561,ORD00281,PROD0042,2,91.48,0.0
ITEM01288,ORD00637,PROD0132,4,577.6,0.0
ITEM00702,ORD00352,PROD0004,3,131.07,12.5
ITEM01253,ORD00622,PROD0202,1,500.08,0.0
ITEM00576,ORD00288,PROD0002,3,116.82,0.0
ITEM00437,ORD00219,PROD0281,5,46.87,0.0
ITEM00931,ORD00462,PROD0466,2,361.68,0.0
ITEM01167,ORD00579,PROD0422,1,113.18,18.6
ITEM00448,ORD00224,PROD0263,5,677.12,0.0
ITEM00839,ORD00416,PROD0223,2,499.82,5.8
ITEM00183,ORD00093,PROD0496,2,141.17,1.2
ITEM00676,ORD00338,PROD0398,3,480.79,9.8
ITEM00366,ORD00182,PROD0118,5,257.94,8.5
ITEM00826,ORD00409,PROD0039,5,214.29,0.0
ITEM01007,ORD00502,PROD0087,4,539.66,0.0
ITEM00908,ORD00451,PROD0088,3,597.67,18.3
ITEM00199,ORD00101,PROD0172,3,93.76,0.0
ITEM00960,ORD00478,PROD0497,5,476.01,12.6
ITEM00838,ORD00415,PROD0281,-3,39.8,0.0
ITEM00341,ORD00170,PROD0341,5,95.56,0.0
ITEM00590,ORD00295,PROD0430,5,558.47,0.0
ITEM00218,ORD00109,PROD0474,5,569.68,0.0
ITEM00999,ORD00498,PROD0169,4,324.51,0.0
