customer_id,customer_name,email,registration_date,customer_type
CUST0001,Pooja Gupta,pooja.gupta@example.com,2025-12-29,REGULAR
CUST0002,Meera Roy,meera.roy@example.com,2025-11-24,VIP
CUST0003,Riya Gupta,riya.gupta@example.com,2025-12-07,PREMIUM
CUST0004,Suresh Reddy,suresh.reddy@example.com,2025-08-19,REGULAR
CUST0005,Suresh Iyer,suresh.iyer@example.com,2025-10-29,PREMIUM
CUST0006,Sunita Mishra,sunita.mishra@example.com,2024-09-21,VIP
CUST0007,Manish Gupta,manish.gupta@example.com,2026-01-26,PREMIUM
CUST0008,Siddharth Mishra,siddharth.mishra@example.com,2025-05-06,VIP
CUST0009,Sunita Nair,sunita.nair@example.com,2024-11-28,PREMIUM
CUST0010,Pranav Reddy,pranav.reddy@example.com,2026-03-07,VIP
CUST0011,Priya Iyer,priya.iyer@example.com,2025-11-15,PREMIUM
CUST0012,Sneha Gupta,sneha.gupta@example.com,2025-06-29,REGULAR
CUST0013,Rohan Choudhury,rohan.choudhury@example.com,2024-12-10,REGULAR
CUST0014,Rahul Singh,rahul.singh@example.com,2025-11-06,REGULAR
CUST0015,Riya Sen,riya.sen@example.com,2025-10-06,PREMIUM
CUST0016,Sneha Gupta,sneha.gupta@example.com,2024-08-24,PREMIUM
CUST0017,Ganesh Reddy,ganesh.reddy@example.com,2024-09-19,REGULAR
CUST0018,Aditi Mehta,aditi.mehta@example.com,2025-04-15,PREMIUM
CUST0019,Aarav Gupta,aarav.gupta@example.com,2024-12-26,VIP
CUST0020,Nikhil Desai,nikhil.desai@example.com,2025-05-28,VIP
CUST0021,Pooja Choudhury,pooja.choudhury@example.com,2026-02-25,VIP
CUST0022,Siddharth Sharma,siddharth.sharma@example.com,2025-10-10,PREMIUM
CUST0023,Priya Patel,priya.patel@example.com,2024-11-13,PREMIUM
CUST0024,Siddharth Joshi,siddharth.joshi@example.com,2025-07-30,VIP
CUST0025,Suresh Roy,suresh.roy@example.com,2025-10-29,REGULAR
CUST0026,Pranav Joshi,pranav.joshi@example.com,2024-09-17,REGULAR
CUST0027,Priya Verma,priya.verma@example.com,2026-03-15,VIP
CUST0028,Nikhil Iyer,nikhil.iyer@example.com,2024-10-01,REGULAR
CUST0029,Shreya Joshi,shreya.joshi@example.com,2025-09-29,PREMIUM
CUST0030,Rohan Roy,rohan.roy@example.com,2024-10-18,REGULAR
CUST0031,Meera Desai,meera.desai@example.com,2025-01-15,VIP
CUST0032,Sneha Singh,sneha.singh@example.com,2024-12-24,VIP
CUST0033,Neha Roy,neha.roy@example.com,2024-11-18,VIP
CUST0034,Ganesh Nair,ganesh.nair@example.com,2026-02-02,PREMIUM
CUST0035,Meera Mishra,meera.mishra@example.com,2026-03-22,REGULAR
CUST0036,Rahul Roy,rahul.roy@example.com,2024-12-11,VIP
CUST0037,Shreya Sen,shreya.sen@example.com,2024-08-22,PREMIUM
CUST0038,Kavita Choudhury,kavita.choudhury@example.com,2025-06-07,REGULAR
CUST0039,Sunita Pillai,sunita.pillai@example.com,2025-04-07,REGULAR
CUST0040,Ganesh Desai,ganesh.desai@example.com,2024-09-07,VIP
CUST0041,Pranav Mehta,pranav.mehta@example.com,2026-01-28,VIP
CUST0042,Neha Reddy,neha.reddy@example.com,2025-04-06,VIP
CUST0043,Aarav Patel,aarav.patel@example.com,2025-07-24,PREMIUM
CUST0044,Sanjay Gupta,sanjay.gupta@example.com,2025-02-22,PREMIUM
CUST0045,Aarav Pillai,aarav.pillai@example.com,2025-03-17,REGULAR
CUST0046,Amit Bose,amit.bose@example.com,2025-01-27,PREMIUM
CUST0047,Sunita Roy,sunita.roy@example.com,2024-10-12,REGULAR
CUST0048,Sunita Mehta,sunita.mehta@example.com,2024-12-04,VIP
CUST0049,Sanjay Verma,sanjay.verma@example.com,2025-07-14,PREMIUM
CUST0050,Neha Patel,neha.patel@example.com,2025-03-10,VIP
CUST0051,Kavita Sen,kavita.sen@example.com,2025-08-08,REGULAR
CUST0052,Kavita Mishra,kavita.mishra@example.com,2025-03-13,VIP
CUST0053,Ganesh Sharma,ganesh.sharma@example.com,2025-12-01,VIP
CUST0054,Isha Pillai,isha.pillai@example.com,2025-08-11,PREMIUM
CUST0055,Kavita Verma,kavita.verma@example.com,2025-12-08,REGULAR
CUST0056,Neha Choudhury,neha.choudhury@example.com,2024-12-27,VIP
CUST0057,Shreya Gupta,shreya.gupta@example.com,2025-10-16,PREMIUM
CUST0058,Kavita Sharma,kavita.sharma@example.com,2025-09-18,PREMIUM
CUST0059,Manish Mishra,manish.mishra@example.com,2025-08-12,VIP
CUST0060,Isha Roy,isha.roygmail.com,2025-04-26,REGULAR
CUST0061,Kavita Joshi,kavita.joshi@example.com,2025-08-13,REGULAR
CUST0062,Vikram Sen,vikram.sen@example.com,2025-09-22,VIP
CUST0063,Meera Reddy,meera.reddy@,2025-07-31,VIP
CUST0064,Pooja Rao,pooja.rao@example.com,2025-02-08,VIP
CUST0065,Ananya Verma,ananya.verma@example.com,2024-09-03,PREMIUM
CUST0066,Aditi Sen,aditi.sen@example.com,2024-10-01,PREMIUM
CUST0067,Deepak Verma,deepak.verma@example.com,2025-07-06,VIP
CUST0068,Manish Gupta,manish.gupta@example.com,2026-01-01,PREMIUM
CUST0069,Meera Rao,meera.rao@example.com,2025-04-17,PREMIUM
CUST0070,Ganesh Rao,ganesh.rao@example.com,2025-07-23,REGULAR
CUST0071,Arjun Sen,arjun.sen@example.com,2024-09-06,REGULAR
CUST0072,Pooja Bose,pooja.bose@example.com,2025-02-13,VIP
CUST0073,Rohan Sharma,rohan.sharma@example.com,2025-10-13,VIP
CUST0074,Shreya Joshi,shreya.joshi@example.com,2026-03-13,PREMIUM
CUST0075,Aarav Roy,aarav.roy@example.com,2026-01-16,VIP
CUST0076,Sunita Mehta,sunita.mehta@example.com,2024-08-16,PREMIUM
CUST0077,Sunita Sen,sunita.sen@example.com,2025-01-18,VIP
CUST0078,Suresh Reddy,suresh.reddy@example.com,2026-01-05,VIP
CUST0079,Rohan Sen,rohan.sen@example.com,2025-03-24,REGULAR
CUST0080,Pooja Roy,pooja.roy@example.com,2025-03-01,REGULAR
CUST0081,Kavita Sharma,kavita.sharma@example.com,2024-10-02,PREMIUM
CUST0082,Sanjay Gupta,sanjay.gupta@example.com,2024-09-05,REGULAR
CUST0083,Siddharth Gupta,siddharth.gupta@example.com,2024-11-29,PREMIUM
CUST0084,Riya Choudhury,riya.choudhury@example.com,2026-03-22,VIP
CUST0085,Kiran Singh,kiran.singh@example.com,2026-02-04,PREMIUM
CUST0086,Ananya Patel,ananya.patel@example.com,2024-11-29,REGULAR
CUST0087,Neha Mehta,neha.mehta@example.com,2024-12-12,REGULAR
CUST0088,Amit Singh,amit.singh@example.com,2025-08-21,VIP
CUST0089,Neha Mehta,neha.mehta@example.com,2025-02-21,REGULAR
CUST0090,Pranav Roy,pranav.roy@example.com,2024-12-23,REGULAR
CUST0091,Divya Nair,divya.nair@example.com,2026-02-19,VIP
CUST0092,Ganesh Reddy,ganesh.reddy@example.com,2025-04-07,VIP
CUST0093,Karan Joshi,karan.joshi@example.com,2026-01-11,VIP
CUST0094,Divya Gupta,divya.gupta@example.com,2024-09-08,PREMIUM
CUST0095,Shreya Das,shreya.das@example.com,2025-12-15,VIP
CUST0096,Ananya Sharma,ananya.sharma@example.com,2025-05-24,VIP
CUST0097,Divya Gupta,divya.gupta@example.com,2024-12-12,PREMIUM
CUST0098,Manish Mehta,manish.mehta@example.com,2024-12-01,REGULAR
CUST0099,Anjali Desai,anjali.desai@example.com,2025-01-10,REGULAR
CUST0100,Shreya Mishra,shreya.mishra@example.com,2025-07-16,REGULAR
CUST0101,Deepak Mishra,deepak.mishra@example.com,2024-12-17,PREMIUM
CUST0102,Meera Verma,meera.verma@example.com,2025-12-15,PREMIUM
CUST0103,Isha Sen,isha.sen@example.com,2026-02-11,VIP
CUST0104,Arjun Joshi,arjun.joshi@example.com,2025-02-18,PREMIUM
CUST0105,Rahul Nair,rahul.nair@example.com,2025-08-27,REGULAR
CUST0106,Aarav Gupta,aarav.gupta@example.com,2025-11-17,REGULAR
CUST0107,Rahul Rao,rahul.rao@example.com,2025-09-21,REGULAR
CUST0108,Pooja Reddy,pooja.reddy@example.com,2025-05-08,VIP
CUST0109,Isha Gupta,isha.gupta@example.com,2025-08-19,PREMIUM
CUST0110,Siddharth Reddy,siddharth.reddy@example.com,2025-01-31,VIP
CUST0111,Sneha Das,sneha.das@example.com,2025-03-20,REGULAR
CUST0112,Sunita Das,sunita.das@example.com,2024-08-30,REGULAR
CUST0113,Sneha Mishra,sneha.mishra@example.com,2024-08-25,PREMIUM
CUST0114,Rohan Patel,rohan.patel@example.com,2025-09-16,VIP
CUST0115,Anjali Choudhury,anjali.choudhury@example.com,2025-07-21,REGULAR
CUST0116,Deepak Nair,deepak.nair@example.com,2026-01-17,VIP
CUST0117,Sanjay Joshi,sanjay.joshi@example.com,2024-09-28,VIP
CUST0118,Pranav Sharma,pranav.sharma@example.com,2026-02-05,REGULAR
CUST0119,Amit Choudhury,amit.choudhury@example.com,2025-01-19,PREMIUM
CUST0120,Vikram Sen,vikram.sen@example.com,2025-11-10,VIP
CUST0121,Amit Das,amit.das@example.com,2025-03-16,REGULAR
CUST0122,Vikram Das,vikram.das@example.com,2026-01-31,VIP
CUST0123,Meera Rao,meera.rao@example.com,2024-08-22,VIP
CUST0124,Kiran Reddy,kiran.reddy@example.com,2024-08-26,REGULAR
CUST0125,Arjun Patel,arjun.patel@example.com,2026-03-16,REGULAR
CUST0126,Kavita Joshi,kavita.joshi@example.com,2025-08-25,REGULAR
CUST0127,Priya Nair,priya.nair@example.com,2025-12-20,VIP
CUST0128,Shreya Gupta,shreya.guptagmail.com,2025-03-12,VIP
CUST0129,Neha Patel,neha.patel@example.com,2025-02-04,VIP
CUST0130,Kavita Iyer,kavita.iyer@example.com,2024-08-09,REGULAR
CUST0131,Isha Patel,isha.patel@example.com,2025-05-24,PREMIUM
CUST0132,Kavita Das,kavita.das@example.com,2024-11-19,VIP
CUST0133,Rahul Sharma,rahul.sharma@example.com,2026-02-25,REGULAR
CUST0134,Karan Das,karan.das@example.com,2024-09-13,PREMIUM
CUST0135,Sunita Patel,sunita.patel@example.com,2025-07-31,REGULAR
CUST0136,Arjun Sharma,arjun.sharma@example.com,2025-02-12,PREMIUM
CUST0137,Manish Desai,manish.desai@example.com,2024-11-26,PREMIUM
CUST0138,Kavita Singh,kavita.singh@example.com,2025-09-16,VIP
CUST0139,Sneha Gupta,sneha.gupta@example.com,2025-09-24,VIP
CUST0140,Priya Sharma,priya.sharma@example.com,2026-01-27,VIP
CUST0141,Arjun Das,arjun.das@example.com,2025-08-28,PREMIUM
CUST0142,Kiran Singh,kiran.singh@example.com,2025-11-10,VIP
CUST0143,Deepak Mishra,deepak.mishra@example.com,2025-05-08,PREMIUM
CUST0144,Rahul Singh,rahul.singh@example.com,2025-05-21,REGULAR
CUST0145,Deepak Singh,deepak.singh@example.com,2025-04-29,VIP
CUST0146,Nikhil Choudhury,nikhil.choudhury@example.com,2024-11-18,PREMIUM
CUST0147,Sanjay Rao,sanjay.rao@example.com,2025-11-16,REGULAR
CUST0148,Pranav Mehta,pranav.mehta@example.com,2024-08-26,VIP
CUST0149,Sneha Singh,sneha.singh@example.com,2025-12-22,PREMIUM
CUST0150,Pooja Sen,pooja.sen@example.com,2024-09-02,PREMIUM
CUST0151,Aditi Reddy,aditi.reddy@example.com,2025-02-28,VIP
CUST0152,Divya Gupta,divya.gupta@example.com,2026-01-16,REGULAR
CUST0153,Karan Pillai,karan.pillai@example.com,2025-04-15,VIP
CUST0154,Anjali Rao,anjali.rao@example.com,2024-11-11,PREMIUM
CUST0155,Shreya Pillai,shreya.pillai@example.com,2024-10-28,REGULAR
CUST0156,Rahul Joshi,rahul.joshi@example.com,2024-11-22,PREMIUM
CUST0157,Manish Rao,manish.rao@example.com,2025-12-20,VIP
CUST0158,Rohan Rao,rohan.rao@example.com,2025-05-04,REGULAR
CUST0159,Arjun Sharma,arjun.sharma@example.com,2025-02-08,PREMIUM
CUST0160,Rahul Verma,rahul.verma@example.com,2025-09-23,VIP
CUST0161,Arjun Joshi,arjun.joshi@example.com,2024-12-08,PREMIUM
CUST0162,Neha Desai,neha.desai@example.com,2026-02-26,VIP
CUST0163,Neha Singh,neha.singh@example.com,2025-10-13,REGULAR
CUST0164,Meera Mishra,meera.mishra@example.com,2025-04-16,VIP
CUST0165,Meera Bose,meera.bose@example.com,2025-11-21,VIP
CUST0166,Priya Gupta,priya.gupta@example.com,2025-06-23,VIP
CUST0167,Karan Mehta,karan.mehta@example.com,2024-08-28,REGULAR
CUST0168,Pranav Rao,pranav.rao@example.com,2024-08-07,PREMIUM
CUST0169,Ganesh Joshi,ganesh.joshi@example.com,2025-02-28,VIP
CUST0170,Karan Bose,karan.bose@example.com,2026-03-01,PREMIUM
CUST0171,Shreya Singh,shreya.singh@example.com,2024-10-19,VIP
CUST0172,Meera Patel,meera.patel@example.com,2025-01-06,VIP
CUST0173,Kiran Iyer,kiran.iyer@example.com,2025-09-15,VIP
CUST0174,Siddharth Das,siddharth.das@example.com,2025-06-11,PREMIUM
CUST0175,Sneha Joshi,sneha.joshi@example.com,2026-01-14,REGULAR
CUST0176,Deepak Desai,deepak.desai@example.com,2025-02-23,PREMIUM
CUST0177,Ganesh Mishra,ganesh.mishra@example.com,2025-11-25,REGULAR
CUST0178,Rohan Singh,rohan.singh@example.com,2024-12-24,PREMIUM
CUST0179,Meera Rao,meera.rao@example.com,2025-12-28,VIP
CUST0180,Anjali Singh,anjali.singh@example.com,2024-08-08,VIP
CUST0181,Aarav Mishra,aarav.mishra@example.com,2025-07-24,VIP
CUST0182,Neha Roy,neha.roy@example.com,2024-10-09,VIP
CUST0183,Meera Rao,meera.rao@example.com,2024-10-07,PREMIUM
CUST0184,Kiran Nair,kiran.nair@example.com,2024-12-27,VIP
CUST0185,Neha Gupta,neha.gupta@example.com,2025-08-22,REGULAR
CUST0186,Karan Patel,karan.patel@example.com,2025-08-29,PREMIUM
CUST0187,Divya Mehta,divya.mehta@example.com,2026-03-10,PREMIUM
CUST0188,Sunita Iyer,sunita.iyer@example.com,2026-03-05,VIP
CUST0189,Sneha Sharma,sneha.sharma@example.com,2025-05-04,REGULAR
CUST0190,Kiran Roy,kiran.roy@example.com,2025-07-09,VIP
CUST0191,Karan Choudhury,karan.choudhury@example.com,2025-05-10,PREMIUM
CUST0192,Divya Sen,divya.sen@example.com,2026-03-06,PREMIUM
CUST0193,Sunita Roy,sunita.roy@example.com,2026-01-23,REGULAR
CUST0194,Manish Bose,manish.bose@example.com,2024-11-30,PREMIUM
CUST0195,Aarav Pillai,aarav.pillai@example.com,2024-09-29,PREMIUM
CUST0196,Anjali Sen,anjali.sen@example.com,2026-01-07,VIP
CUST0197,Pooja Sen,pooja.sen@example.com,2024-12-13,VIP
CUST0198,Suresh Desai,suresh.desai@example.com,2024-09-05,REGULAR
CUST0199,Rahul Pillai,rahul.pillai@example.com,2024-08-16,VIP
CUST0200,Sanjay Bose,sanjay.bose@example.com,2024-09-11,PREMIUM
CUST0201,Priya Choudhury,priya.choudhury@example.com,2025-10-28,PREMIUM
CUST0202,Rahul Mishra,rahul.mishra@example.com,2025-12-22,REGULAR
CUST0203,Priya Bose,priya.bose@example.com,2025-02-10,PREMIUM
CUST0204,Ananya Rao,ananya.rao@example.com,2024-11-21,VIP
CUST0205,Aarav Desai,aarav.desai@example.com,2024-11-05,VIP
CUST0206,Rahul Gupta,rahul.gupta@example.com,2024-08-25,REGULAR
CUST0207,Rohan Nair,rohan.nair@example.com,2025-12-06,PREMIUM
CUST0208,Isha Iyer,isha.iyer@example.com,2024-12-25,PREMIUM
CUST0209,Arjun Joshi,arjun.joshi@example.com,2025-01-25,PREMIUM
CUST0210,Pooja Sen,pooja.sen@example.com,2026-02-10,VIP
CUST0211,Sanjay Singh,sanjay.singh@example.com,2024-08-18,VIP
CUST0212,Amit Sharma,amit.sharma@example.com,2025-02-10,REGULAR
CUST0213,Amit Reddy,amit.reddy@example.com,2025-03-10,REGULAR
CUST0214,Deepak Choudhury,deepak.choudhury@example.com,2024-11-07,REGULAR
CUST0215,Sneha Bose,sneha.bose@example.com,2025-01-22,VIP
CUST0216,Vikram Sen,vikram.sen@example.com,2025-06-23,VIP
CUST0217,Ananya Gupta,ananya.gupta@example.com,2025-07-23,VIP
CUST0218,Sunita Das,sunita.das@example.com,2025-06-15,REGULAR
CUST0219,Priya Verma,priya.verma@example.com,2025-11-06,REGULAR
CUST0220,Rohan Joshi,rohan.joshi@example.com,2024-10-27,REGULAR
CUST0221,Neha Iyer,neha.iyer@example.com,2025-06-18,VIP
CUST0222,Sunita Nair,sunita.nair@example.com,2025-09-23,VIP
CUST0223,Anjali Roy,anjali.roy@example.com,2025-10-25,REGULAR
CUST0224,Rohan Mehta,rohan.mehta@example.com,2025-10-12,REGULAR
CUST0225,Deepak Mishra,deepak.mishra@example.com,2024-08-22,VIP
CUST0226,Sneha Sen,sneha.sen@example.com,2025-12-04,REGULAR
CUST0227,Ananya Nair,ananya.nair@example.com,2025-07-14,PREMIUM
CUST0228,Aarav Das,aarav.das@example.com,2025-11-11,PREMIUM
CUST0229,Riya Das,riya.das@example.com,2026-01-06,PREMIUM
CUST0230,Riya Singh,riya.singh@example.com,2025-01-05,REGULAR
CUST0231,Aarav Patel,aarav.patel@example.com,2024-12-27,REGULAR
CUST0232,Amit Roy,amit.roy@example.com,2025-10-02,VIP
CUST0233,Manish Joshi,manish.joshi@example.com,2025-07-11,REGULAR
CUST0234,Karan Mehta,karan.mehta@example.com,2025-07-22,PREMIUM
CUST0235,Arjun Pillai,arjun.pillai@example.com,2024-11-26,PREMIUM
CUST0236,Ganesh Mehta,ganesh.mehta@example.com,2024-11-06,REGULAR
CUST0237,Deepak Sharma,deepak.sharma@example.com,2024-10-30,PREMIUM
CUST0238,Neha Desai,neha.desai@example.com,2024-08-23,VIP
CUST0239,Ananya Das,ananya.das@example.com,2025-02-04,PREMIUM
CUST0240,Rahul Rao,rahul.rao@example.com,2025-10-28,PREMIUM
CUST0241,Aditi Pillai,aditi.pillai@example.com,2025-03-04,VIP
CUST0242,Rohan Verma,rohan.verma@example.com,2025-10-29,REGULAR
CUST0243,Amit Pillai,amit.pillai@example.com,2026-02-28,PREMIUM
CUST0244,Ananya Patel,ananya.patel@example.com,2025-07-19,REGULAR
CUST0245,Suresh Rao,suresh.rao@example.com,2025-09-13,REGULAR
CUST0246,Siddharth Bose,siddharth.bose@example.com,2026-02-24,REGULAR
CUST0247,Riya Sen,riya.sen@example.com,2024-11-18,PREMIUM
CUST0248,Kiran Roy,kiran.roy@example.com,2024-10-19,VIP
CUST0249,Riya Sharma,riya.sharma@example.com,2025-11-19,REGULAR
CUST0250,Shreya Pillai,shreya.pillai@example.com,2025-06-03,PREMIUM
CUST0251,Aarav Roy,aarav.roy@example.com,2025-04-18,REGULAR
CUST0252,Riya Mehta,riya.mehta@example.com,2025-03-12,REGULAR
CUST0253,Sneha Patel,sneha.patel@example.com,2024-08-17,REGULAR
CUST0254,Deepak Mehta,deepak.mehta@example.com,2025-12-06,VIP
CUST0255,Arjun Gupta,arjun.gupta@example.com,2025-01-24,PREMIUM
CUST0256,Rahul Das,rahul.das@example.com,2025-12-08,PREMIUM
CUST0257,Aarav Sen,aarav.sen@example.com,2026-02-19,REGULAR
CUST0258,Manish Joshi,manish.joshi@example.com,2025-08-05,REGULAR
CUST0259,Priya Mehta,priya.mehta@example.com,2024-11-26,VIP
CUST0260,Pooja Das,pooja.das@example.com,2025-02-19,VIP
CUST0261,Aarav Joshi,aarav.joshi@example.com,2025-01-26,REGULAR
CUST0262,Suresh Pillai,suresh.pillai@example.com,2026-01-08,VIP
CUST0263,Divya Nair,divya.nair@example.com,2025-01-08,REGULAR
CUST0264,Ganesh Das,ganesh.das@example.com,2026-01-05,PREMIUM
CUST0265,Meera Mishra,meera.mishra@example.com,2024-08-08,PREMIUM
CUST0266,Manish Reddy,manish.reddy@example.com,2025-06-22,PREMIUM
CUST0267,Shreya Desai,shreya.desai@example.com,2026-01-20,VIP
CUST0268,Ananya Patel,ananya.patel@example.com,2025-10-30,PREMIUM
CUST0269,Kavita Sharma,kavita.sharma@example.com,2025-01-11,REGULAR
CUST0270,Karan Patel,karan.patel@example.com,2025-09-03,PREMIUM
CUST0271,Amit Rao,amit.rao@example.com,2025-11-19,REGULAR
CUST0272,Sneha Bose,sneha.bose@example.com,2026-02-18,PREMIUM
CUST0273,Manish Rao,manish.raogmail.com,2026-03-25,VIP
CUST0274,Rahul Rao,rahul.rao@example.com,2025-02-03,REGULAR
CUST0275,Ananya Iyer,ananya.iyer@example.com,2024-08-26,VIP
CUST0276,Siddharth Bose,siddharth.bose@example.com,2026-03-18,PREMIUM
CUST0277,Karan Roy,karan.roy@example.com,2025-04-27,PREMIUM
CUST0278,Manish Singh,manish.singh@example.com,2025-10-31,REGULAR
CUST0279,Deepak Choudhury,deepak.choudhury@example.com,2025-09-05,REGULAR
CUST0280,Aarav Joshi,aarav.joshi@example.com,2026-03-14,PREMIUM
CUST0281,Riya Roy,riya.roy@example.com,2025-12-20,PREMIUM
CUST0282,Shreya Reddy,shreya.reddy@example.com,2025-06-29,REGULAR
CUST0283,Ananya Singh,ananya.singh@example.com,2024-11-19,VIP
CUST0284,Amit Roy,amit.roy@example.com,2026-03-07,PREMIUM
CUST0285,Siddharth Sen,siddharth.sen@example.com,2026-01-15,PREMIUM
CUST0286,Aditi Reddy,aditi.reddygmail.com,2026-01-24,REGULAR
CUST0287,Ananya Desai,ananya.desai@example.com,2025-07-17,VIP
CUST0288,Riya Gupta,riya.gupta@example.com,2025-11-14,REGULAR
CUST0289,Riya Mishra,riya.mishra@example.com,2024-12-02,VIP
CUST0290,Divya Bose,divya.bose@example.com,2025-12-04,VIP
CUST0291,Vikram Mehta,vikram.mehta@example.com,2026-03-26,VIP
CUST0292,Aditi Joshi,aditi.joshi@example.com,2025-02-08,PREMIUM
CUST0293,Pranav Verma,pranav.verma@example.com,2026-01-20,PREMIUM
CUST0294,Kiran Bose,kiran.bose@example.com,2025-10-16,REGULAR
CUST0295,Arjun Nair,arjun.nair@example.com,2026-01-15,PREMIUM
CUST0296,Vikram Iyer,vikram.iyer@example.com,2025-08-24,REGULAR
CUST0297,Arjun Singh,arjun.singh@example.com,2025-01-15,PREMIUM
CUST0298,Nikhil Choudhury,nikhil.choudhury@example.com,2025-05-12,REGULAR
CUST0299,Meera Joshi,meera.joshi@example.com,2025-04-05,VIP
CUST0300,Nikhil Rao,nikhil.rao@example.com,2025-09-19,PREMIUM
CUST0301,Rahul Gupta,rahul.gupta@example.com,2024-09-16,PREMIUM
CUST0302,Vikram Gupta,vikram.gupta@example.com,2025-06-25,PREMIUM
CUST0303,Aarav Gupta,aarav.gupta@example.com,2025-02-04,VIP
CUST0304,Ganesh Bose,ganesh.bose@example.com,2025-04-16,PREMIUM
CUST0305,Meera Sen,meera.sen@example.com,2025-05-17,PREMIUM
CUST0306,Divya Choudhury,divya.choudhury@example.com,2024-12-07,REGULAR
CUST0307,Shreya Nair,shreya.nair@example.com,2025-04-12,PREMIUM
CUST0308,Anjali Pillai,anjali.pillai@example.com,2024-10-21,PREMIUM
CUST0309,Arjun Singh,arjun.singh@example.com,2025-06-28,VIP
CUST0310,Anjali Bose,anjali.bose@example.com,2025-11-18,VIP
CUST0311,Arjun Singh,arjun.singh@example.com,2024-09-15,PREMIUM
CUST0312,Rohan Sharma,rohan.sharma@example.com,2025-06-01,REGULAR
CUST0313,Riya Mishra,riya.mishra@example.com,2026-03-04,PREMIUM
CUST0314,Rohan Gupta,rohan.gupta@example.com,2024-11-12,PREMIUM
CUST0315,Kiran Joshi,kiran.joshi@example.com,2025-02-17,REGULAR
CUST0316,Karan Rao,karan.raogmail.com,2025-02-11,PREMIUM
CUST0317,Aarav Sharma,aarav.sharma@example.com,2025-10-04,PREMIUM
CUST0318,Pranav Gupta,pranav.gupta@example.com,2024-09-05,VIP
CUST0319,Vikram Gupta,vikram.gupta@example.com,2026-02-19,REGULAR
CUST0320,Amit Choudhury,amit.choudhury@example.com,2025-05-29,VIP
CUST0321,Ganesh Joshi,ganesh.joshi@example.com,2026-02-26,VIP
CUST0322,Vikram Gupta,vikram.gupta@example.com,2025-10-17,VIP
CUST0323,Anjali Iyer,anjali.iyer@example.com,2025-03-03,REGULAR
CUST0324,Arjun Desai,arjun.desai@example.com,2025-07-10,VIP
CUST0325,Ganesh Roy,ganesh.roy@example.com,2025-11-28,VIP
CUST0326,Amit Patel,amit.patel@example.com,2024-09-03,VIP
CUST0327,Shreya Sharma,shreya.sharma@example.com,2025-11-21,PREMIUM
CUST0328,Ganesh Nair,ganesh.nair@example.com,2025-12-07,VIP
CUST0329,Shreya Iyer,shreya.iyer@example.com,2024-12-15,REGULAR
CUST0330,Shreya Mehta,shreya.mehta@example.com,2024-10-23,PREMIUM
CUST0331,Suresh Sen,suresh.sen@example.com,2025-08-12,REGULAR
CUST0332,Aditi Bose,aditi.bose@example.com,2026-01-18,PREMIUM
CUST0333,Deepak Mehta,deepak.mehta@example.com,2024-10-28,VIP
CUST0334,Rahul Iyer,rahul.iyer@example.com,2025-09-29,PREMIUM
CUST0335,Anjali Gupta,anjali.gupta@example.com,2025-07-28,REGULAR
CUST0336,Ganesh Mehta,ganesh.mehta@example.com,2025-03-09,PREMIUM
CUST0337,Karan Das,karan.das@example.com,2025-08-25,REGULAR
CUST0338,Vikram Gupta,vikram.gupta@example.com,2026-03-15,PREMIUM
CUST0339,Neha Gupta,neha.gupta@example.com,2025-11-05,REGULAR
CUST0340,Karan Reddy,karan.reddy@example.com,2025-05-30,PREMIUM
CUST0341,Priya Verma,priya.verma@example.com,2026-02-17,PREMIUM
CUST0342,Riya Patel,riya.patel@example.com,2025-06-16,PREMIUM
CUST0343,Rahul Joshi,rahul.joshi@example.com,2024-09-30,VIP
CUST0344,Siddharth Desai,siddharth.desai@example.com,2025-07-29,PREMIUM
CUST0345,Suresh Rao,suresh.rao@example.com,2025-05-06,REGULAR
CUST0346,Divya Gupta,divya.gupta@example.com,2026-03-11,REGULAR
CUST0347,Karan Choudhury,karan.choudhury@example.com,2025-03-27,PREMIUM
CUST0348,Arjun Nair,arjun.nair@example.com,2024-10-29,PREMIUM
CUST0349,Riya Gupta,riya.gupta@example.com,2025-10-22,PREMIUM
CUST0350,Anjali Reddy,anjali.reddy@example.com,2025-03-05,VIP
CUST0351,Suresh Sharma,suresh.sharma@example.com,2024-10-12,REGULAR
CUST0352,Nikhil Patel,nikhil.patel@example.com,2025-09-13,VIP
CUST0353,Ganesh Reddy,ganesh.reddy@example.com,2025-06-14,PREMIUM
CUST0354,Meera Desai,meera.desai@example.com,2025-08-12,VIP
CUST0355,Aditi Nair,aditi.nair@example.com,2026-01-26,VIP
CUST0356,Rahul Nair,rahul.nair@example.com,2025-01-17,VIP
CUST0357,Isha Sen,isha.sen@example.com,2025-10-18,REGULAR
CUST0358,Arjun Pillai,arjun.pillai@example.com,2026-03-04,PREMIUM
CUST0359,Pranav Gupta,pranav.gupta@example.com,2026-01-28,VIP
CUST0360,Rahul Sharma,rahul.sharma@example.com,2025-01-17,VIP
CUST0361,Anjali Mishra,anjali.mishra@example.com,2025-11-14,PREMIUM
CUST0362,Siddharth Singh,siddharth.singh@example.com,2025-02-13,PREMIUM
CUST0363,Sanjay Verma,sanjay.verma@example.com,2025-02-13,PREMIUM
CUST0364,Siddharth Mehta,siddharth.mehta@,2024-09-29,PREMIUM
CUST0365,Karan Patel,karan.patel@example.com,2024-08-12,REGULAR
CUST0366,Pooja Gupta,pooja.gupta@example.com,2025-09-16,PREMIUM
CUST0367,Riya Joshi,riya.joshi@example.com,2025-05-29,PREMIUM
CUST0368,Aditi Joshi,aditi.joshi@example.com,2025-11-08,VIP
CUST0369,Rohan Desai,rohan.desai@example.com,2025-03-13,REGULAR
CUST0370,Karan Sen,karan.sen@example.com,2024-09-25,VIP
CUST0371,Deepak Sen,deepak.sen@example.com,2026-01-21,VIP
CUST0372,Arjun Bose,arjun.bose@example.com,2025-06-14,PREMIUM
CUST0373,Aarav Iyer,aarav.iyer@example.com,2026-01-26,VIP
CUST0374,Neha Joshi,neha.joshi@example.com,2024-08-14,PREMIUM
CUST0375,Priya Rao,priya.rao@example.com,2025-10-27,PREMIUM
CUST0376,Isha Das,isha.das@example.com,2025-06-03,PREMIUM
CUST0377,Rahul Patel,rahul.patel@example.com,2025-06-03,VIP
CUST0378,Shreya Patel,shreya.patel@example.com,2025-06-11,PREMIUM
CUST0379,Arjun Desai,arjun.desai@example.com,2025-01-28,VIP
CUST0380,Pooja Desai,pooja.desai@example.com,2024-12-29,PREMIUM
CUST0381,Sanjay Reddy,sanjay.reddy@example.com,2026-02-10,PREMIUM
CUST0382,Karan Rao,karan.raogmail.com,2025-12-02,REGULAR
CUST0383,Suresh Rao,suresh.rao@example.com,2026-01-20,VIP
CUST0384,Aditi Gupta,aditi.gupta@example.com,2026-02-08,PREMIUM
CUST0385,Pooja Mishra,pooja.mishra@example.com,2024-08-21,VIP
CUST0386,Rahul Das,rahul.das@example.com,2026-02-26,PREMIUM
CUST0387,Anjali Iyer,anjali.iyer@example.com,2024-08-19,VIP
CUST0388,Sunita Singh,sunita.singh@example.com,2025-06-02,PREMIUM
CUST0389,Manish Sen,manish.sen@example.com,2024-12-30,REGULAR
CUST0390,Riya Desai,riya.desai@example.com,2025-08-10,REGULAR
CUST0391,Pooja Choudhury,pooja.choudhury@example.com,2025-05-05,REGULAR
CUST0392,Riya Nair,riya.nair@example.com,2025-10-28,VIP
CUST0393,Nikhil Verma,nikhil.verma@example.com,2026-03-24,REGULAR
CUST0394,Vikram Nair,vikram.nair@example.com,2025-07-30,PREMIUM
CUST0395,Priya Singh,priya.singh@example.com,2026-02-02,PREMIUM
CUST0396,Ananya Gupta,ananya.gupta@example.com,2026-01-02,REGULAR
CUST0397,Shreya Mishra,shreya.mishra@example.com,2025-01-14,VIP
CUST0398,Manish Das,manish.das@example.com,2025-06-14,PREMIUM
CUST0399,Amit Joshi,amit.joshi@example.com,2025-01-07,REGULAR
CUST0400,Manish Iyer,manish.iyer@example.com,2024-08-29,VIP
CUST0401,Rohan Pillai,rohan.pillai@example.com,2025-02-07,PREMIUM
CUST0402,Kiran Das,kiran.das@example.com,2025-08-29,PREMIUM
CUST0403,Suresh Sen,suresh.sen@example.com,2024-09-18,PREMIUM
CUST0404,Sneha Sen,sneha.sen@example.com,2025-11-29,VIP
CUST0405,Siddharth Sharma,siddharth.sharma@example.com,2025-10-14,VIP
CUST0406,Divya Sharma,divya.sharma@example.com,2024-12-04,VIP
CUST0407,Isha Mishra,isha.mishra@example.com,2024-11-30,REGULAR
CUST0408,Riya Choudhury,riya.choudhury@example.com,2025-01-07,REGULAR
CUST0409,Arjun Iyer,arjun.iyer@example.com,2025-01-10,VIP
CUST0410,Manish Mehta,manish.mehta@example.com,2025-06-08,PREMIUM
CUST0411,Shreya Pillai,shreya.pillai@example.com,2025-03-23,PREMIUM
CUST0412,Suresh Sen,suresh.sen@example.com,2026-01-21,REGULAR
CUST0413,Rohan Bose,rohan.bose@example.com,2025-04-07,PREMIUM
CUST0414,Arjun Joshi,arjun.joshi@example.com,2025-09-22,PREMIUM
CUST0415,Meera Roy,meera.roy@example.com,2026-02-08,VIP
CUST0416,Karan Das,karan.das@example.com,2025-09-23,PREMIUM
CUST0417,Manish Verma,manish.verma@example.com,2025-12-19,VIP
CUST0418,Ananya Gupta,ananya.gupta@example.com,2026-03-14,PREMIUM
CUST0419,Nikhil Desai,nikhil.desai@example.com,2025-05-15,PREMIUM
CUST0420,Deepak Desai,deepak.desai@example.com,2024-10-20,VIP
CUST0421,Sneha Das,sneha.das@example.com,2024-09-28,VIP
CUST0422,Sanjay Mehta,sanjay.mehta@example.com,2025-05-06,VIP
CUST0423,Rahul Singh,rahul.singh@example.com,2024-08-19,REGULAR
CUST0424,Ananya Singh,ananya.singh@example.com,2025-07-11,PREMIUM
CUST0425,Manish Desai,manish.desai@example.com,2025-09-18,VIP
CUST0426,Rohan Iyer,rohan.iyer@example.com,2024-11-14,PREMIUM
CUST0427,Meera Singh,meera.singh@example.com,2025-07-07,VIP
CUST0428,Ganesh Rao,ganesh.rao@example.com,2025-08-27,REGULAR
CUST0429,Shreya Rao,shreya.rao@example.com,2025-02-25,PREMIUM
CUST0430,Sneha Rao,sneha.rao@example.com,2025-04-14,PREMIUM
CUST0431,Ganesh Nair,ganesh.nair@,2025-08-20,REGULAR
CUST0432,Deepak Reddy,deepak.reddy@example.com,2025-01-01,REGULAR
CUST0433,Rahul Singh,rahul.singh@example.com,2025-11-08,REGULAR
CUST0434,Kiran Iyer,kiran.iyer@example.com,2024-11-15,VIP
CUST0435,Aditi Verma,aditi.verma@example.com,2025-03-04,PREMIUM
CUST0436,Priya Reddy,priya.reddy@example.com,2025-06-18,REGULAR
CUST0437,Manish Sen,manish.sen@example.com,2025-08-02,PREMIUM
CUST0438,Karan Mehta,karan.mehta@example.com,2025-05-04,REGULAR
CUST0439,Anjali Sharma,anjali.sharma@example.com,2025-04-28,REGULAR
CUST0440,Siddharth Pillai,siddharth.pillai@example.com,2025-02-19,VIP
CUST0441,Kavita Rao,kavita.rao@example.com,2025-02-24,REGULAR
CUST0442,Sanjay Das,sanjay.das@example.com,2025-12-12,VIP
CUST0443,Isha Das,isha.das@example.com,2025-07-08,REGULAR
CUST0444,Meera Pillai,meera.pillai@example.com,2025-01-28,REGULAR
CUST0445,Neha Desai,neha.desai@example.com,2025-08-23,VIP
CUST0446,Sanjay Desai,sanjay.desai@example.com,2025-04-29,VIP
CUST0447,Isha Patel,isha.patel@example.com,2025-01-14,REGULAR
CUST0448,Sanjay Mishra,sanjay.mishra@example.com,2024-09-18,VIP
CUST0449,Ganesh Singh,ganesh.singh@example.com,2024-10-17,REGULAR
CUST0450,Karan Joshi,karan.joshi@example.com,2025-04-24,VIP
CUST0451,Aarav Gupta,aarav.gupta@example.com,2025-04-08,REGULAR
CUST0452,Karan Patel,karan.patel@example.com,2026-01-01,VIP
CUST0453,Aarav Mehta,aarav.mehta@example.com,2025-05-21,REGULAR
CUST0454,Siddharth Singh,siddharth.singh@example.com,2025-07-20,PREMIUM
CUST0455,Ganesh Gupta,ganesh.gupta@example.com,2025-02-05,REGULAR
CUST0456,Pooja Choudhury,pooja.choudhury@example.com,2026-02-17,VIP
CUST0457,Isha Das,isha.das@example.com,2024-10-18,REGULAR
CUST0458,Anjali Sen,anjali.sen@example.com,2025-07-22,PREMIUM
CUST0459,Siddharth Gupta,siddharth.gupta@example.com,2025-08-08,PREMIUM
CUST0460,Aditi Nair,aditi.nair@example.com,2024-12-30,REGULAR
CUST0461,Pranav Rao,pranav.rao@example.com,2024-11-01,REGULAR
CUST0462,Kavita Gupta,kavita.gupta@example.com,2025-08-28,PREMIUM
CUST0463,Neha Pillai,neha.pillai@example.com,2025-11-21,PREMIUM
CUST0464,Rahul Reddy,rahul.reddy@example.com,2025-08-08,VIP
CUST0465,Priya Joshi,priya.joshi@example.com,2024-10-16,VIP
CUST0466,Manish Verma,manish.verma@example.com,2025-03-27,PREMIUM
CUST0467,Manish Choudhury,manish.choudhury@example.com,2026-03-25,REGULAR
CUST0468,Meera Desai,meera.desai@example.com,2025-12-26,REGULAR
CUST0469,Sunita Rao,sunita.rao@example.com,2025-08-23,REGULAR
CUST0470,Amit Gupta,amit.gupta@example.com,2025-12-28,REGULAR
CUST0471,Priya Pillai,priya.pillai@example.com,2024-11-19,REGULAR
CUST0472,Amit Desai,amit.desai@example.com,2026-02-14,VIP
CUST0473,Shreya Gupta,shreya.gupta@example.com,2025-05-18,VIP
CUST0474,Pooja Pillai,pooja.pillai@example.com,2026-02-17,PREMIUM
CUST0475,Manish Desai,manish.desai@example.com,2024-11-23,VIP
CUST0476,Deepak Singh,deepak.singh@example.com,2025-09-09,VIP
CUST0477,Isha Mishra,isha.mishra@example.com,2025-07-30,PREMIUM
CUST0478,Priya Sen,priya.sen@example.com,2025-05-28,VIP
CUST0479,Kiran Verma,kiran.verma@example.com,2026-03-29,PREMIUM
CUST0480,Rahul Patel,rahul.patel@example.com,2025-03-19,PREMIUM
CUST0481,Divya Pillai,divya.pillai@example.com,2024-10-21,REGULAR
CUST0482,Nikhil Pillai,nikhil.pillai@example.com,2026-03-01,REGULAR
CUST0483,Aditi Patel,aditi.patel@example.com,2025-05-27,REGULAR
CUST0484,Suresh Desai,suresh.desai@example.com,2025-06-02,PREMIUM
CUST0485,Manish Nair,manish.nair@example.com,2025-08-14,PREMIUM
CUST0486,Aditi Gupta,aditi.gupta@example.com,2025-10-21,PREMIUM
CUST0487,Ananya Roy,ananya.roy@example.com,2025-11-24,VIP
CUST0488,Kiran Gupta,kiran.gupta@example.com,2025-09-14,REGULAR
CUST0489,Sunita Desai,sunita.desai@example.com,2025-01-20,VIP
CUST0490,Sunita Das,sunita.das@example.com,2026-01-03,VIP
CUST0491,Deepak Iyer,deepak.iyer@example.com,2025-08-17,REGULAR
CUST0492,Kiran Choudhury,kiran.choudhury@example.com,2025-08-30,PREMIUM
CUST0493,Siddharth Verma,siddharth.verma@example.com,2025-04-27,REGULAR
CUST0494,Aarav Gupta,aarav.gupta@,2025-07-27,VIP
CUST0495,Meera Gupta,meera.gupta@example.com,2025-08-14,REGULAR
CUST0496,Ananya Patel,ananya.patel@example.com,2025-04-16,PREMIUM
CUST0497,Ananya Gupta,ananya.gupta@example.com,2025-02-27,REGULAR
CUST0498,Nikhil Desai,nikhil.desai@example.com,2024-11-19,VIP
CUST0499,Vikram Desai,vikram.desai@example.com,2025-09-16,VIP
CUST0500,Divya Singh,divya.singh@example.com,2025-01-18,REGULAR
CUST0501,Ananya Sharma,ananya.sharma@example.com,2024-11-18,PREMIUM
CUST0502,Shreya Patel,shreya.patel@example.com,2025-12-21,REGULAR
CUST0503,Meera Sen,meera.sen@example.com,2024-08-31,PREMIUM
CUST0504,Suresh Desai,suresh.desai@example.com,2025-02-20,PREMIUM
CUST0505,Siddharth Verma,siddharth.verma@example.com,2025-04-14,VIP
CUST0506,Vikram Roy,vikram.roy@example.com,2024-12-12,REGULAR
CUST0507,Karan Singh,karan.singh@example.com,2024-08-29,REGULAR
CUST0508,Riya Choudhury,riya.choudhury@example.com,2024-12-23,REGULAR
CUST0509,Sanjay Sen,sanjay.sen@example.com,2024-08-22,VIP
CUST0510,Riya Desai,riya.desai@example.com,2025-05-04,VIP
CUST0511,Neha Gupta,neha.gupta@example.com,2025-06-14,REGULAR
CUST0512,Shreya Mishra,shreya.mishra@example.com,2024-11-02,VIP
CUST0513,Divya Gupta,divya.gupta@example.com,2025-08-28,PREMIUM
CUST0514,Ganesh Joshi,ganesh.joshigmail.com,2025-09-20,REGULAR
CUST0515,Ganesh Mishra,ganesh.mishra@example.com,2024-09-23,REGULAR
CUST0516,Arjun Gupta,arjun.gupta@example.com,2025-07-25,PREMIUM
CUST0517,Priya Iyer,priya.iyer@example.com,2024-11-18,VIP
CUST0518,Nikhil Gupta,nikhil.gupta@example.com,2025-01-14,REGULAR
CUST0519,Ananya Mehta,ananya.mehta@example.com,2024-08-30,PREMIUM
CUST0520,Shreya Gupta,shreya.gupta@example.com,2025-03-26,VIP
CUST0521,Vikram Sharma,vikram.sharma@example.com,2025-12-01,VIP
CUST0522,Aditi Desai,aditi.desai@example.com,2025-10-31,VIP
CUST0523,Kavita Verma,kavita.verma@example.com,2025-02-17,REGULAR
CUST0524,Pooja Nair,pooja.nair@example.com,2025-12-11,PREMIUM
CUST0525,Priya Gupta,priya.gupta@example.com,2025-10-27,PREMIUM
CUST0526,Ganesh Pillai,ganesh.pillai@example.com,2025-05-16,PREMIUM
CUST0527,Kavita Joshi,kavita.joshi@example.com,2024-08-10,PREMIUM
CUST0528,Riya Verma,riya.verma@example.com,2025-10-02,REGULAR
CUST0529,Arjun Patel,arjun.patel@example.com,2025-12-03,REGULAR
CUST0530,Manish Mishra,manish.mishra@example.com,2025-05-03,PREMIUM
CUST0531,Suresh Roy,suresh.roy@example.com,2024-08-11,REGULAR
CUST0532,Deepak Pillai,deepak.pillai@example.com,2024-11-05,PREMIUM
CUST0533,Siddharth Roy,siddharth.roy@example.com,2025-11-12,PREMIUM
CUST0534,Suresh Verma,suresh.verma@example.com,2026-03-25,REGULAR
CUST0535,Siddharth Reddy,siddharth.reddy@example.com,2025-07-11,PREMIUM
CUST0536,Amit Singh,amit.singh@example.com,2025-07-04,VIP
CUST0537,Aarav Pillai,aarav.pillai@example.com,2024-12-13,PREMIUM
CUST0538,Sanjay Das,sanjay.das@example.com,2024-12-22,PREMIUM
CUST0539,Nikhil Mehta,nikhil.mehta@example.com,2025-05-29,PREMIUM
CUST0540,Sunita Gupta,sunita.gupta@example.com,2024-08-06,PREMIUM
CUST0541,Sneha Verma,sneha.verma@example.com,2024-11-25,REGULAR
CUST0542,Nikhil Mehta,nikhil.mehta@example.com,2025-09-25,PREMIUM
CUST0543,Neha Verma,neha.verma@example.com,2025-03-12,PREMIUM
CUST0544,Kavita Desai,kavita.desai@example.com,2025-09-23,PREMIUM
CUST0545,Pooja Desai,pooja.desai@example.com,2026-02-22,VIP
CUST0546,Sneha Nair,sneha.nair@example.com,2024-10-15,REGULAR
CUST0547,Pranav Mishra,pranav.mishra@example.com,2025-09-15,VIP
CUST0548,Aarav Rao,aarav.rao@example.com,2025-05-09,REGULAR
CUST0549,Pooja Nair,pooja.nair@example.com,2025-04-14,VIP
