order_id,customer_id,order_date,status,region_code
ORD00001,CUST0158,2026-03-08 17:43:43,SHIPPED,US-E
ORD00002,CUST0004,2025-12-01 22:32:43,CANCELLED,APAC-N
ORD00003,CUST0443,2026-01-10 17:13:43,DELIVERED,EU-W
ORD00004,CUST0322,2025-08-07 09:45:43,CANCELLED,APAC-S
ORD00005,CUST0481,15-06-2026,CANCELLED,APAC-N
ORD00006,CUST0205,2025-07-01 06:09:43,CANCELLED,US-W
ORD00007,CUST0442,2025-08-20 10:22:43,CANCELLED,US-E
ORD00008,CUST0228,2026-01-27 08:04:43,PLACED,US-E
ORD00009,CUST0203,2025-03-24 02:11:43,RETURNED,APAC-N
ORD00010,CUST0099,2025-03-16 10:00:43,CANCELLED,APAC-N
ORD00011,,2026-05-25 09:40:43,RETURNED,APAC-N
ORD00012,CUST0415,2025-07-06 12:18:43,DELIVERED,EU-W
ORD00013,CUST0421,2026-04-04 18:29:43,CANCELLED,APAC-N
ORD00014,CUST0454,2025-05-09 22:49:43,RETURNED,US-E
ORD00015,CUST0529,2025-03-02 12:44:43,RETURNED,APAC-S
ORD00016,CUST0252,2026-05-24 11:17:43,DELIVERED,US-W
ORD00017,CUST0518,2025-04-18 03:27:43,DELIVERED,US-E
ORD00018,CUST0122,2025-07-14 08:26:43,RETURNED,APAC-S
ORD00019,CUST0452,2026-06-09 05:23:43,DELIVERED,APAC-N
ORD00020,CUST0138,2026-05-16 09:52:43,DELIVERED,US-W
ORD00021,CUST0236,2025-03-20 05:32:43,DELIVERED,EU-W
ORD00022,CUST0368,2026-03-13 04:52:43,PLACED,US-W
ORD00023,CUST0073,2026-06-03 11:36:43,PLACED,EU-W
ORD00024,,14-06-2025,RETURNED,US-E
ORD00025,CUST0005,2025-09-22 15:33:43,PLACED,US-W
ORD00026,CUST0525,2026-03-23 09:18:43,CANCELLED,APAC-S
ORD00027,CUST0143,2025-05-29 21:44:43,PLACED,EU-W
ORD00028,CUST0098,2026-05-17 21:33:43,RETURNED,APAC-S
ORD00029,CUST0337,2026-07-03 17:10:43,PLACED,APAC-S
ORD00030,CUST0214,2025-12-17 20:41:43,SHIPPED,EU-W
ORD00031,CUST0400,2026-05-16 22:37:43,DELIVERED,APAC-S
ORD00032,CUST0198,2025-11-19 10:21:43,PLACED,APAC-S
ORD00033,CUST0231,2025-04-25 17:42:43,DELIVERED,US-E
ORD00034,CUST0362,2025-09-08 11:05:43,PLACED,APAC-S
ORD00035,CUST0202,2025-03-16 06:38:43,CANCELLED,US-E
ORD00036,CUST0488,2026-01-18 06:19:43,DELIVERED,APAC-N
ORD00037,CUST0064,2025-09-22 15:14:43,DELIVERED,APAC-N
ORD00038,CUST0464,2026-03-31 14:29:43,CANCELLED,APAC-N
ORD00039,CUST0319,2025-03-08 04:03:43,SHIPPED,APAC-N
ORD00040,CUST0156,08-11-2025,PLACED,US-W
ORD00041,CUST0267,2025-06-16 06:41:43,PLACED,APAC-N
ORD00042,CUST0433,2025-09-20 01:29:43,SHIPPED,APAC-N
ORD00043,CUST0294,2026-04-24 11:09:43,SHIPPED,EU-W
ORD00044,CUST0416,2025-04-26 13:45:43,SHIPPED,EU-W
ORD00045,CUST0179,27-02-2025,SHIPPED,EU-W
ORD00046,CUST0135,2025-06-10 09:52:43,DELIVERED,EU-W
ORD00047,CUST0370,2025-04-07 14:30:43,RETURNED,APAC-S
ORD00048,CUST0152,2025-03-09 01:17:43,CANCELLED,US-E
ORD00049,CUST0518,2025-04-09 04:29:43,CANCELLED,US-E
ORD00050,CUST0397,2026-03-12 12:26:43,SHIPPED,US-W
ORD00051,CUST0465,2025-08-14 19:26:43,SHIPPED,APAC-S
ORD00052,CUST0403,2026-02-01 04:19:43,CANCELLED,US-W
ORD00053,CUST0121,24-06-2026,SHIPPED,EU-W
ORD00054,CUST0076,2026-05-20 15:33:43,RETURNED,APAC-N
ORD00055,CUST0331,2025-12-05 14:29:43,PLACED,APAC-S
ORD00056,CUST0322,2026-03-31 15:50:43,RETURNED,US-W
ORD00057,CUST0324,2025-04-17 08:51:43,DELIVERED,US-E
ORD00058,CUST0375,2026-04-15 22:30:43,RETURNED,EU-W
ORD00059,CUST0492,2026-06-07 02:42:43,SHIPPED,US-W
ORD00060,CUST0247,2025-07-30 06:33:43,CANCELLED,EU-W
ORD00061,CUST0410,2026-05-15 06:57:43,SHIPPED,APAC-S
ORD00062,CUST0249,2026-06-06 16:22:43,CANCELLED,US-W
ORD00063,CUST0234,2025-09-17 16:18:43,CANCELLED,APAC-N
ORD00064,CUST0167,2026-06-02 14:45:43,DELIVERED,APAC-S
ORD00065,CUST0089,2025-05-02 06:09:43,CANCELLED,EU-W
ORD00066,CUST0178,2026-03-17 13:54:43,PLACED,EU-W
ORD00067,CUST0543,2026-05-28 02:24:43,DELIVERED,EU-W
ORD00068,CUST0415,14-03-2026,DELIVERED,EU-W
ORD00069,CUST0395,2025-10-25 19:43:43,CANCELLED,US-E
ORD00070,CUST0238,2025-11-02 04:35:43,PLACED,APAC-S
ORD00071,CUST0214,2026-01-10 07:39:43,DELIVERED,APAC-N
ORD00072,CUST0332,2025-06-28 18:43:43,SHIPPED,EU-W
ORD00073,CUST0170,2026-04-08 04:15:43,RETURNED,US-E
ORD00074,CUST0205,2025-05-12 06:08:43,RETURNED,US-W
ORD00075,CUST0355,2025-11-22 11:38:43,RETURNED,APAC-N
ORD00076,CUST0513,2026-05-13 17:14:43,PLACED,EU-W
ORD00077,CUST0015,2026-01-05 11:05:43,PLACED,US-E
ORD00078,CUST0467,2025-10-29 02:43:43,SHIPPED,APAC-S
ORD00079,CUST0373,2026-03-03 00:15:43,PLACED,US-E
ORD00080,CUST0299,21-10-2025,PLACED,US-E
ORD00081,CUST0074,2025-11-07 03:51:43,RETURNED,US-E
ORD00082,,2025-06-09 01:20:43,SHIPPED,APAC-N
ORD00083,CUST0277,2025-05-26 23:34:43,CANCELLED,US-W
ORD00084,CUST0279,2025-05-19 09:52:43,CANCELLED,APAC-N
ORD00085,CUST0487,2025-03-20 05:49:43,CANCELLED,APAC-S
ORD00086,CUST0316,2025-07-11 03:58:43,DELIVERED,US-W
ORD00087,,2026-02-26 19:32:43,SHIPPED,EU-W
ORD00088,CUST0463,19-09-2025,CANCELLED,US-E
ORD00089,CUST0485,29-04-2026,RETURNED,APAC-S
ORD00090,CUST0142,2025-10-01 10:58:43,PLACED,APAC-S
ORD00091,CUST0204,2025-10-09 13:22:43,RETURNED,US-E
ORD00092,CUST0055,2025-09-29 02:02:43,DELIVERED,EU-W
ORD00093,CUST0291,2026-06-03 11:07:43,DELIVERED,APAC-S
ORD00094,CUST0005,2026-04-09 23:52:43,RETURNED,EU-W
ORD00095,CUST0163,07-10-2025,PLACED,APAC-S
ORD00096,CUST0337,2025-10-03 02:57:43,SHIPPED,APAC-N
ORD00097,CUST0243,06-11-2025,CANCELLED,EU-W
ORD00098,CUST0400,2026-06-03 12:19:43,CANCELLED,APAC-N
ORD00099,CUST0369,2025-03-29 14:12:43,PLACED,APAC-S
ORD00100,CUST0235,2025-02-27 21:04:43,SHIPPED,US-W
ORD00101,CUST0056,2026-02-03 08:51:43,SHIPPED,APAC-N
ORD00102,CUST0421,2026-03-24 04:15:43,DELIVERED,EU-W
ORD00103,CUST0066,2025-02-22 22:47:43,RETURNED,APAC-S
ORD00104,CUST0044,2025-07-30 06:40:43,RETURNED,US-W
ORD00105,CUST0044,2026-04-17 09:11:43,CANCELLED,US-W
ORD00106,CUST0221,2026-05-18 17:28:43,RETURNED,US-E
ORD00107,CUST0226,2025-04-04 18:13:43,RETURNED,US-E
ORD00108,CUST0206,2025-05-17 05:51:43,SHIPPED,US-E
ORD00109,CUST0461,2025-03-19 11:44:43,PLACED,US-W
ORD00110,CUST0530,2025-11-18 09:07:43,CANCELLED,APAC-S
ORD00111,CUST0150,2025-06-02 19:05:43,CANCELLED,APAC-N
ORD00112,CUST0092,2026-05-11 00:55:43,RETURNED,US-W
ORD00113,CUST0375,23-04-2026,PLACED,EU-W
ORD00114,CUST0464,2025-08-02 02:49:43,CANCELLED,US-W
ORD00115,CUST0430,2025-11-02 05:49:43,CANCELLED,US-E
ORD00116,CUST0392,2025-12-31 03:56:43,SHIPPED,EU-W
ORD00117,CUST0055,2026-01-29 03:18:43,PLACED,US-E
ORD00118,CUST0021,2025-04-02 12:44:43,DELIVERED,APAC-S
ORD00119,CUST0506,2025-04-28 03:20:43,RETURNED,APAC-N
ORD00120,,2025-11-23 16:41:43,SHIPPED,US-W
ORD00121,CUST0009,2026-04-12 10:34:43,RETURNED,EU-W
ORD00122,,2026-06-23 08:38:43,DELIVERED,US-E
ORD00123,CUST0275,2026-02-08 13:16:43,SHIPPED,APAC-S
ORD00124,CUST0430,2025-12-31 15:50:43,DELIVERED,APAC-S
ORD00125,CUST0259,2025-11-14 04:40:43,DELIVERED,APAC-S
ORD00126,CUST0486,2025-10-22 06:32:43,RETURNED,APAC-S
ORD00127,CUST0513,2025-06-06 10:28:43,RETURNED,US-W
ORD00128,CUST0353,2025-04-18 01:39:43,CANCELLED,US-E
ORD00129,CUST0019,2025-03-03 10:30:43,DELIVERED,US-W
ORD00130,CUST0418,2025-06-26 13:54:43,CANCELLED,APAC-S
ORD00131,CUST0224,2026-04-01 12:08:43,DELIVERED,EU-W
ORD00132,CUST0134,2025-12-30 05:13:43,PLACED,APAC-N
ORD00133,CUST0456,2025-07-04 08:12:43,SHIPPED,US-E
ORD00134,CUST0448,2026-01-20 19:03:43,RETURNED,US-E
ORD00135,,2025-08-27 02:41:43,SHIPPED,US-W
ORD00136,CUST0351,2026-06-09 22:05:43,RETURNED,APAC-N
ORD00137,CUST0150,2025-12-04 10:25:43,SHIPPED,APAC-S
ORD00138,CUST0392,2025-09-12 16:02:43,DELIVERED,EU-W
ORD00139,CUST0491,2025-03-20 10:57:43,SHIPPED,US-E
ORD00140,,2025-02-22 14:13:43,PLACED,EU-W
ORD00141,,2026-01-31 01:30:43,DELIVERED,EU-W
ORD00142,CUST0086,2025-06-16 03:52:43,SHIPPED,EU-W
ORD00143,,2026-06-08 18:15:43,DELIVERED,APAC-S
ORD00144,CUST0245,2026-03-11 04:48:43,PLACED,US-E
ORD00145,CUST0508,2025-08-14 18:26:43,PLACED,APAC-S
ORD00146,CUST0443,2025-11-21 12:29:43,PLACED,APAC-S
ORD00147,CUST0255,2026-04-20 00:27:43,RETURNED,EU-W
ORD00148,CUST0257,18-09-2025,DELIVERED,US-E
ORD00149,CUST0256,2026-04-21 03:33:43,CANCELLED,EU-W
ORD00150,CUST0014,2025-09-12 18:48:43,SHIPPED,US-W
ORD00151,CUST0021,2025-04-26 12:44:43,DELIVERED,APAC-S
ORD00152,,2025-11-24 02:11:43,PLACED,US-E
ORD00153,CUST0506,2025-05-28 13:51:43,RETURNED,EU-W
ORD00154,CUST0368,2025-08-26 06:39:43,SHIPPED,APAC-S
ORD00155,CUST0262,2025-02-25 20:16:43,PLACED,EU-W
ORD00156,CUST0196,2026-02-20 18:51:43,DELIVERED,APAC-S
ORD00157,CUST0046,2025-12-26 10:47:43,PLACED,EU-W
ORD00158,CUST0505,2025-08-11 12:53:43,RETURNED,US-E
ORD00159,CUST0039,2025-05-06 02:42:43,CANCELLED,EU-W
ORD00160,CUST0003,2026-01-20 07:53:43,CANCELLED,APAC-S
ORD00161,CUST0413,2026-02-22 19:36:43,CANCELLED,US-W
ORD00162,CUST0063,2026-06-03 08:30:43,DELIVERED,US-E
ORD00163,,2026-04-04 15:30:43,RETURNED,EU-W
ORD00164,CUST0086,2025-05-18 22:51:43,SHIPPED,APAC-N
ORD00165,CUST0059,2025-03-07 05:37:43,DELIVERED,APAC-N
ORD00166,CUST0272,2025-10-21 23:07:43,DELIVERED,APAC-S
ORD00167,CUST0229,27-07-2025,SHIPPED,EU-W
ORD00168,CUST0447,2026-03-08 07:01:43,DELIVERED,US-W
ORD00169,CUST0390,2025-05-18 11:39:43,RETURNED,EU-W
ORD00170,CUST0247,2025-04-01 05:35:43,CANCELLED,APAC-N
ORD00171,,2026-06-26 15:42:43,SHIPPED,EU-W
ORD00172,CUST0360,2025-08-14 18:16:43,CANCELLED,EU-W
ORD00173,CUST0409,2025-04-09 18:48:43,PLACED,APAC-N
ORD00174,CUST0384,2025-07-19 10:49:43,RETURNED,US-W
ORD00175,CUST0175,2025-07-07 12:42:43,RETURNED,US-E
ORD00176,CUST0369,2026-01-03 12:22:43,RETURNED,APAC-N
ORD00177,CUST0375,2025-08-06 18:42:43,CANCELLED,US-E
ORD00178,CUST0513,2025-07-24 05:10:43,CANCELLED,APAC-N
ORD00179,CUST0064,2025-12-11 00:36:43,DELIVERED,APAC-S
ORD00180,CUST0087,2025-07-18 05:54:43,CANCELLED,US-E
ORD00181,CUST0447,2026-06-01 17:16:43,RETURNED,US-E
ORD00182,CUST0415,2025-07-22 12:27:43,PLACED,EU-W
ORD00183,CUST0420,2026-07-02 03:52:43,SHIPPED,APAC-N
ORD00184,CUST0028,2026-05-11 15:26:43,SHIPPED,APAC-S
ORD00185,CUST0162,2026-03-21 02:01:43,RETURNED,APAC-S
ORD00186,CUST0410,2025-11-24 19:47:43,CANCELLED,US-W
ORD00187,CUST0432,2026-01-06 02:33:43,CANCELLED,US-W
ORD00188,,2025-10-18 23:28:43,PLACED,US-E
ORD00189,CUST0068,2025-09-03 05:25:43,CANCELLED,US-E
ORD00190,CUST0397,2026-05-25 06:38:43,DELIVERED,US-W
ORD00191,CUST0084,2025-08-20 10:17:43,CANCELLED,APAC-S
ORD00192,,2026-07-06 09:20:43,RETURNED,US-W
ORD00193,CUST0360,2026-05-26 15:29:43,PLACED,APAC-N
ORD00194,CUST0070,2026-05-29 02:18:43,PLACED,APAC-N
ORD00195,CUST0513,2026-05-15 11:01:43,DELIVERED,US-E
ORD00196,CUST0231,2025-10-15 20:58:43,PLACED,APAC-S
ORD00197,CUST0322,2025-12-12 22:18:43,SHIPPED,APAC-S
ORD00198,CUST0427,2026-01-29 06:14:43,DELIVERED,EU-W
ORD00199,CUST0236,2026-07-04 16:51:43,DELIVERED,US-E
ORD00200,CUST0160,2025-04-22 18:02:43,CANCELLED,US-E
ORD00201,CUST0152,2026-06-23 21:55:43,RETURNED,EU-W
ORD00202,CUST0430,2025-04-06 21:47:43,SHIPPED,US-W
ORD00203,CUST0038,2025-12-18 22:03:43,PLACED,US-W
ORD00204,CUST0217,2025-11-10 20:47:43,SHIPPED,US-W
ORD00205,CUST0257,2025-04-17 13:55:43,CANCELLED,APAC-S
ORD00206,CUST0443,2025-05-11 19:15:43,RETURNED,US-E
ORD00207,CUST0046,17-05-2026,CANCELLED,US-E
ORD00208,,2025-07-28 22:13:43,CANCELLED,APAC-S
ORD00209,CUST0075,2025-12-01 13:04:43,PLACED,US-W
ORD00210,CUST0011,2025-06-28 06:34:43,SHIPPED,EU-W
ORD00211,CUST0490,2026-01-10 07:05:43,PLACED,US-W
ORD00212,CUST0323,2025-08-07 16:06:43,CANCELLED,APAC-S
ORD00213,CUST0061,2025-10-29 23:15:43,PLACED,US-W
ORD00214,CUST0227,2025-12-24 03:13:43,DELIVERED,US-W
ORD00215,CUST0050,2026-02-26 02:03:43,CANCELLED,EU-W
ORD00216,CUST0312,2025-03-31 19:22:43,SHIPPED,US-E
ORD00217,CUST0286,2025-11-20 12:00:43,PLACED,APAC-S
ORD00218,CUST0095,2025-10-05 11:29:43,CANCELLED,APAC-N
ORD00219,CUST0306,2025-07-02 17:01:43,SHIPPED,APAC-N
ORD00220,CUST0475,2025-05-25 06:55:43,SHIPPED,US-W
ORD00221,CUST0116,2026-01-08 01:26:43,CANCELLED,APAC-S
ORD00222,CUST0458,2026-03-11 03:40:43,CANCELLED,APAC-S
ORD00223,CUST0406,2025-12-10 11:58:43,RETURNED,APAC-N
ORD00224,CUST0184,2025-07-12 04:10:43,DELIVERED,APAC-N
ORD00225,CUST0358,2025-09-05 04:29:43,PLACED,APAC-S
ORD00226,CUST0288,2026-01-21 08:22:43,SHIPPED,US-W
ORD00227,CUST0225,2025-05-11 00:10:43,PLACED,US-E
ORD00228,CUST0378,2025-11-13 13:15:43,CANCELLED,APAC-S
ORD00229,CUST0111,2026-05-04 14:37:43,SHIPPED,APAC-S
ORD00230,CUST0280,2025-09-21 00:52:43,RETURNED,APAC-S
ORD00231,CUST0405,2025-12-11 16:38:43,SHIPPED,US-E
ORD00232,,2025-10-08 04:59:43,DELIVERED,APAC-S
ORD00233,,2026-03-09 10:35:43,SHIPPED,EU-W
ORD00234,CUST0272,2026-01-23 09:57:43,SHIPPED,APAC-N
ORD00235,CUST0143,2025-04-15 19:02:43,PLACED,US-W
ORD00236,CUST0177,2025-10-30 19:22:43,SHIPPED,EU-W
ORD00237,CUST0244,2025-08-12 04:23:43,RETURNED,EU-W
ORD00238,CUST0398,2026-01-11 14:53:43,CANCELLED,APAC-S
ORD00239,CUST0145,2025-09-26 14:34:43,CANCELLED,US-E
ORD00240,CUST0059,2026-04-29 10:11:43,CANCELLED,US-W
ORD00241,CUST0034,2025-06-11 00:57:43,DELIVERED,US-E
ORD00242,CUST0174,01-08-2025,SHIPPED,APAC-S
ORD00243,CUST0242,2026-02-14 22:56:43,DELIVERED,EU-W
ORD00244,CUST0396,2026-05-24 09:00:43,PLACED,US-W
ORD00245,CUST0027,2025-03-12 12:09:43,SHIPPED,APAC-N
ORD00246,CUST0327,2025-04-09 20:46:43,CANCELLED,APAC-N
ORD00247,CUST0228,22-02-2026,CANCELLED,US-E
ORD00248,CUST0280,2026-04-12 19:13:43,DELIVERED,EU-W
ORD00249,CUST0404,2025-07-23 20:34:43,SHIPPED,US-W
ORD00250,CUST0286,16-04-2026,RETURNED,US-E
ORD00251,CUST0464,2026-06-06 14:17:43,PLACED,APAC-N
ORD00252,,2025-09-05 17:46:43,SHIPPED,US-E
ORD00253,CUST0503,2025-04-07 04:07:43,RETURNED,US-W
ORD00254,CUST0293,2025-05-10 12:42:43,DELIVERED,APAC-N
ORD00255,CUST0374,2025-10-12 22:48:43,DELIVERED,APAC-N
ORD00256,CUST0219,2025-03-25 03:01:43,RETURNED,US-W
ORD00257,CUST0407,2025-08-16 23:02:43,DELIVERED,US-W
ORD00258,CUST0062,12-05-2025,RETURNED,APAC-S
ORD00259,CUST0003,2026-06-29 02:08:43,SHIPPED,US-W
ORD00260,CUST0438,2026-04-21 19:13:43,PLACED,APAC-S
ORD00261,,2026-04-20 13:35:43,RETURNED,US-E
ORD00262,CUST0194,2026-06-15 15:48:43,RETURNED,APAC-S
ORD00263,CUST0281,2026-06-09 05:38:43,RETURNED,US-E
ORD00264,CUST0454,2026-01-11 06:14:43,SHIPPED,US-W
ORD00265,CUST0136,2025-12-21 09:01:43,SHIPPED,APAC-N
ORD00266,CUST0043,2025-05-07 21:21:43,RETURNED,EU-W
ORD00267,CUST0174,2025-12-26 20:39:43,CANCELLED,APAC-N
ORD00268,CUST0080,2025-04-01 05:09:43,RETURNED,US-W
ORD00269,CUST0533,2025-03-06 22:45:43,DELIVERED,APAC-S
ORD00270,CUST0368,2025-06-19 10:06:43,RETURNED,EU-W
ORD00271,CUST0182,2026-02-14 19:30:43,DELIVERED,EU-W
ORD00272,CUST0484,03-03-2025,PLACED,APAC-S
ORD00273,CUST0155,2025-05-22 05:35:43,CANCELLED,US-W
ORD00274,CUST0011,2025-11-13 04:36:43,CANCELLED,EU-W
ORD00275,CUST0242,2025-11-21 22:13:43,RETURNED,EU-W
ORD00276,CUST0446,2025-02-23 06:53:43,RETURNED,US-W
ORD00277,CUST0096,2025-10-29 03:28:43,PLACED,EU-W
ORD00278,CUST0507,2026-01-04 06:18:43,RETURNED,APAC-S
ORD00279,CUST0081,2026-04-16 00:32:43,DELIVERED,APAC-S
ORD00280,CUST0068,2025-08-12 09:02:43,RETURNED,APAC-N
ORD00281,CUST0542,2025-08-27 16:40:43,DELIVERED,US-E
ORD00282,CUST0445,2025-12-24 01:06:43,DELIVERED,EU-W
ORD00283,CUST0366,2026-07-02 12:27:43,CANCELLED,EU-W
ORD00284,CUST0419,2026-02-13 09:24:43,RETURNED,APAC-S
ORD00285,CUST0163,2025-08-22 18:00:43,CANCELLED,APAC-S
ORD00286,CUST0292,2025-09-23 23:48:43,DELIVERED,EU-W
ORD00287,CUST0380,2025-10-23 18:59:43,PLACED,EU-W
ORD00288,CUST0342,2025-08-01 21:55:43,PLACED,APAC-N
ORD00289,CUST0141,2026-05-31 05:19:43,CANCELLED,US-E
ORD00290,,2026-01-06 21:57:43,RETURNED,APAC-N
ORD00291,CUST0387,2025-09-16 18:37:43,PLACED,EU-W
ORD00292,CUST0425,2026-06-15 23:21:43,DELIVERED,US-W
ORD00293,CUST0310,2026-05-11 00:19:43,SHIPPED,EU-W
ORD00294,CUST0278,2025-05-04 09:21:43,PLACED,EU-W
ORD00295,CUST0507,2025-09-04 01:16:43,CANCELLED,EU-W
ORD00296,CUST0420,2026-01-27 13:01:43,CANCELLED,APAC-N
ORD00297,CUST0532,2025-04-27 07:55:43,PLACED,APAC-N
ORD00298,CUST0386,2026-06-09 06:31:43,SHIPPED,US-W
ORD00299,CUST0369,2025-08-31 00:42:43,SHIPPED,US-W
ORD00300,CUST0493,2025-10-16 12:46:43,CANCELLED,APAC-N
ORD00301,CUST0343,2026-05-10 19:09:43,CANCELLED,US-W
ORD00302,CUST0143,2026-04-20 11:02:43,SHIPPED,US-E
ORD00303,CUST0263,2025-05-03 00:19:43,SHIPPED,APAC-N
ORD00304,CUST0215,2025-08-10 03:59:43,SHIPPED,US-W
ORD00305,,2025-02-24 03:40:43,SHIPPED,US-E
ORD00306,CUST0079,2025-12-29 23:08:43,PLACED,EU-W
ORD00307,CUST0548,2025-06-03 12:41:43,RETURNED,US-E
ORD00308,CUST0136,11-09-2025,RETURNED,US-W
ORD00309,CUST0375,2026-03-23 14:24:43,SHIPPED,EU-W
ORD00310,CUST0470,2025-11-29 09:56:43,SHIPPED,US-W
ORD00311,CUST0472,20-03-2026,CANCELLED,APAC-S
ORD00312,,2025-06-01 15:49:43,PLACED,US-W
ORD00313,CUST0325,2025-03-17 11:03:43,RETURNED,APAC-S
ORD00314,CUST0134,2025-12-15 21:11:43,DELIVERED,APAC-N
ORD00315,CUST0031,2026-02-25 01:59:43,DELIVERED,APAC-S
ORD00316,CUST0431,2025-10-12 16:19:43,SHIPPED,APAC-S
ORD00317,CUST0406,2025-12-26 02:19:43,CANCELLED,US-E
ORD00318,CUST0051,2025-06-21 06:01:43,CANCELLED,US-E
ORD00319,CUST0273,2026-04-12 10:38:43,DELIVERED,US-W
ORD00320,CUST0097,2025-06-14 04:40:43,RETURNED,APAC-N
ORD00321,CUST0526,01-03-2026,CANCELLED,APAC-S
ORD00322,CUST0349,2025-04-21 08:48:43,PLACED,APAC-N
ORD00323,CUST0312,2025-09-24 21:52:43,PLACED,US-E
ORD00324,CUST0435,2025-09-02 21:43:43,RETURNED,US-E
ORD00325,CUST0454,2025-06-07 05:27:43,SHIPPED,US-E
ORD00326,CUST0534,2025-03-11 11:25:43,PLACED,US-W
ORD00327,CUST0022,2026-01-12 10:03:43,CANCELLED,APAC-S
ORD00328,CUST0483,2026-06-06 02:55:43,RETURNED,APAC-N
ORD00329,CUST0206,2025-12-31 09:34:43,PLACED,EU-W
ORD00330,CUST0106,2026-05-23 13:12:43,CANCELLED,APAC-N
ORD00331,CUST0178,2026-03-21 00:36:43,SHIPPED,US-W
ORD00332,CUST0294,2025-10-04 13:28:43,RETURNED,EU-W
ORD00333,CUST0151,2025-12-06 08:40:43,SHIPPED,APAC-S
ORD00334,CUST0256,2025-12-22 05:13:43,PLACED,APAC-S
ORD00335,CUST0292,2026-06-25 10:07:43,DELIVERED,US-E
ORD00336,CUST0117,2026-01-28 02:33:43,SHIPPED,US-W
ORD00337,CUST0129,2025-11-23 21:13:43,DELIVERED,EU-W
ORD00338,,2025-11-22 05:30:43,SHIPPED,US-W
ORD00339,CUST0032,2026-06-09 13:06:43,PLACED,US-W
ORD00340,CUST0376,2025-05-19 02:40:43,RETURNED,US-E
ORD00341,CUST0312,2025-03-31 13:24:43,SHIPPED,US-E
ORD00342,CUST0389,2025-08-23 12:03:43,RETURNED,APAC-S
ORD00343,CUST0367,2025-06-16 05:55:43,PLACED,US-W
ORD00344,CUST0421,2025-04-13 18:51:43,PLACED,EU-W
ORD00345,CUST0269,2025-06-01 01:15:43,SHIPPED,APAC-N
ORD00346,CUST0338,2026-01-19 05:47:43,RETURNED,US-W
ORD00347,CUST0430,30-10-2025,PLACED,EU-W
ORD00348,CUST0406,2025-07-26 07:00:43,CANCELLED,US-E
ORD00349,CUST0186,2025-08-18 13:16:43,PLACED,APAC-S
ORD00350,CUST0014,2026-04-11 23:48:43,PLACED,US-E
ORD00351,CUST0478,05-05-2025,RETURNED,APAC-S
ORD00352,CUST0114,2026-03-08 19:18:43,DELIVERED,APAC-S
ORD00353,CUST0300,2025-05-28 14:36:43,SHIPPED,US-E
ORD00354,CUST0272,2025-11-26 10:36:43,DELIVERED,APAC-S
ORD00355,CUST0132,2025-02-28 02:22:43,PLACED,APAC-S
ORD00356,,2026-04-23 08:07:43,DELIVERED,EU-W
ORD00357,CUST0410,2026-01-31 04:30:43,RETURNED,EU-W
ORD00358,CUST0248,2025-05-28 23:22:43,PLACED,APAC-S
ORD00359,CUST0462,2025-08-01 07:42:43,DELIVERED,US-W
ORD00360,CUST0264,2025-06-17 20:10:43,DELIVERED,APAC-S
ORD00361,CUST0298,2025-06-15 00:56:43,CANCELLED,APAC-S
ORD00362,CUST0491,2026-02-08 01:47:43,DELIVERED,EU-W
ORD00363,CUST0480,2025-11-27 04:00:43,DELIVERED,US-W
ORD00364,CUST0013,2026-02-23 16:45:43,CANCELLED,APAC-N
ORD00365,CUST0322,2025-03-03 10:21:43,CANCELLED,APAC-N
ORD00366,CUST0262,2026-01-27 07:58:43,CANCELLED,EU-W
ORD00367,,2025-06-29 05:04:43,RETURNED,US-W
ORD00368,CUST0331,2026-06-07 12:13:43,PLACED,APAC-N
ORD00369,CUST0529,2025-02-22 04:32:43,SHIPPED,US-W
ORD00370,CUST0031,2026-03-18 08:01:43,DELIVERED,US-E
ORD00371,CUST0416,2025-06-16 10:18:43,SHIPPED,US-E
ORD00372,CUST0009,2025-08-05 22:46:43,PLACED,US-E
ORD00373,CUST0126,2026-02-01 22:34:43,PLACED,US-W
ORD00374,CUST0497,2026-02-28 06:15:43,PLACED,US-E
ORD00375,CUST0045,2026-01-26 01:16:43,PLACED,US-E
ORD00376,CUST0464,2025-04-30 12:04:43,CANCELLED,EU-W
ORD00377,CUST0260,2026-06-19 18:54:43,CANCELLED,US-E
ORD00378,CUST0063,2025-12-13 12:55:43,RETURNED,US-E
ORD00379,CUST0180,2025-11-20 13:54:43,DELIVERED,EU-W
ORD00380,CUST0474,2025-06-06 00:24:43,PLACED,APAC-N
ORD00381,CUST0046,2026-02-16 09:02:43,CANCELLED,US-E
ORD00382,CUST0479,2026-06-24 15:13:43,RETURNED,US-W
ORD00383,CUST0523,2026-04-06 09:45:43,PLACED,EU-W
ORD00384,CUST0389,28-11-2025,RETURNED,APAC-N
ORD00385,CUST0029,2025-04-04 22:55:43,CANCELLED,EU-W
ORD00386,CUST0229,2025-06-10 15:59:43,SHIPPED,APAC-N
ORD00387,CUST0393,2025-08-15 10:18:43,SHIPPED,EU-W
ORD00388,CUST0046,2025-12-20 18:01:43,PLACED,APAC-N
ORD00389,CUST0007,2025-03-07 08:57:43,CANCELLED,EU-W
ORD00390,CUST0462,2025-10-29 18:27:43,SHIPPED,US-W
ORD00391,CUST0255,25-04-2025,CANCELLED,APAC-S
ORD00392,CUST0047,11-05-2026,RETURNED,US-W
ORD00393,CUST0005,2026-01-24 18:32:43,DELIVERED,US-E
ORD00394,CUST0122,2026-02-09 01:41:43,RETURNED,EU-W
ORD00395,CUST0278,2025-10-27 06:23:43,DELIVERED,APAC-N
ORD00396,CUST0442,2026-05-16 08:09:43,CANCELLED,APAC-S
ORD00397,CUST0327,2026-05-28 01:00:43,DELIVERED,EU-W
ORD00398,CUST0410,2026-06-23 19:56:43,RETURNED,EU-W
ORD00399,,2025-10-16 20:24:43,RETURNED,EU-W
ORD00400,CUST0244,2025-06-07 23:00:43,SHIPPED,US-E
ORD00401,CUST0005,2026-05-28 19:19:43,PLACED,EU-W
ORD00402,CUST0411,2026-07-05 17:18:43,SHIPPED,APAC-S
ORD00403,CUST0042,2025-02-25 13:13:43,DELIVERED,US-E
ORD00404,CUST0113,2026-02-01 05:57:43,DELIVERED,APAC-N
ORD00405,CUST0341,2026-03-12 19:12:43,DELIVERED,APAC-S
ORD00406,CUST0208,2025-11-27 23:08:43,DELIVERED,EU-W
ORD00407,CUST0308,2025-12-23 21:09:43,CANCELLED,EU-W
ORD00408,CUST0279,2026-01-01 08:37:43,SHIPPED,APAC-N
ORD00409,CUST0264,2025-05-24 12:16:43,CANCELLED,APAC-N
ORD00410,CUST0382,2026-03-03 05:26:43,SHIPPED,US-E
ORD00411,CUST0408,2026-05-20 11:12:43,DELIVERED,EU-W
ORD00412,CUST0181,09-10-2025,PLACED,EU-W
ORD00413,CUST0434,2026-02-23 01:51:43,DELIVERED,EU-W
ORD00414,CUST0277,2025-07-12 06:12:43,RETURNED,US-E
ORD00415,CUST0318,2025-07-07 21:55:43,PLACED,EU-W
ORD00416,CUST0498,2025-11-07 11:43:43,DELIVERED,EU-W
ORD00417,CUST0522,2025-06-03 02:10:43,RETURNED,US-E
ORD00418,CUST0145,2026-06-26 18:14:43,PLACED,US-W
ORD00419,CUST0216,2025-04-25 09:38:43,RETURNED,APAC-N
ORD00420,CUST0021,2025-10-14 02:10:43,RETURNED,US-E
ORD00421,CUST0102,2026-07-02 08:24:43,PLACED,APAC-S
ORD00422,CUST0049,2025-12-04 12:56:43,SHIPPED,US-W
ORD00423,CUST0412,2026-05-23 03:17:43,CANCELLED,EU-W
ORD00424,CUST0542,2026-05-09 09:01:43,DELIVERED,APAC-N
ORD00425,CUST0370,2025-07-30 10:38:43,SHIPPED,US-E
ORD00426,CUST0192,2025-12-18 22:27:43,SHIPPED,APAC-S
ORD00427,,2025-06-23 05:46:43,RETURNED,US-W
ORD00428,CUST0109,2026-01-16 07:18:43,RETURNED,APAC-S
ORD00429,CUST0435,2025-08-13 01:26:43,PLACED,US-E
ORD00430,CUST0091,2026-05-04 03:22:43,SHIPPED,US-W
ORD00431,CUST0107,2025-03-06 19:31:43,DELIVERED,US-E
ORD00432,CUST0177,2026-06-06 17:33:43,DELIVERED,APAC-N
ORD00433,CUST0292,2025-11-23 11:00:43,DELIVERED,EU-W
ORD00434,CUST0119,2026-06-06 16:38:43,PLACED,US-W
ORD00435,CUST0268,2026-01-13 07:12:43,SHIPPED,US-E
ORD00436,CUST0069,2026-04-24 10:42:43,DELIVERED,US-W
ORD00437,CUST0368,2026-03-19 09:26:43,SHIPPED,APAC-S
ORD00438,CUST0165,2026-06-18 23:22:43,RETURNED,US-E
ORD00439,CUST0522,2025-12-23 05:35:43,DELIVERED,APAC-N
ORD00440,CUST0116,2025-11-24 10:38:43,PLACED,APAC-S
ORD00441,CUST0534,2026-01-21 15:07:43,RETURNED,US-E
ORD00442,CUST0484,2026-02-19 09:54:43,CANCELLED,US-E
ORD00443,CUST0206,2025-11-18 07:33:43,DELIVERED,EU-W
ORD00444,CUST0520,2025-07-20 13:28:43,CANCELLED,US-W
ORD00445,CUST0444,2026-01-10 14:56:43,DELIVERED,EU-W
ORD00446,CUST0089,2025-09-04 05:34:43,PLACED,US-W
ORD00447,CUST0300,2025-04-24 22:54:43,CANCELLED,EU-W
ORD00448,CUST0525,2026-05-11 15:55:43,DELIVERED,APAC-N
ORD00449,CUST0009,2025-09-16 01:09:43,CANCELLED,US-W
ORD00450,CUST0417,2025-11-19 12:44:43,DELIVERED,US-W
ORD00451,CUST0307,2025-07-31 14:59:43,SHIPPED,APAC-N
ORD00452,,2026-05-22 15:50:43,DELIVERED,US-W
ORD00453,CUST0034,2025-10-26 21:16:43,CANCELLED,EU-W
ORD00454,CUST0199,2026-04-12 13:20:43,SHIPPED,APAC-S
ORD00455,CUST0182,2025-03-23 20:04:43,CANCELLED,EU-W
ORD00456,CUST0305,2025-05-23 06:59:43,RETURNED,APAC-N
ORD00457,CUST0292,2025-12-13 04:22:43,DELIVERED,APAC-S
ORD00458,CUST0463,2026-05-13 12:38:43,RETURNED,APAC-N
ORD00459,CUST0516,2025-10-02 05:33:43,DELIVERED,US-W
ORD00460,CUST0198,2025-12-02 05:01:43,PLACED,APAC-N
ORD00461,CUST0037,2025-12-03 15:02:43,SHIPPED,APAC-N
ORD00462,CUST0029,2026-01-09 22:40:43,RETURNED,EU-W
ORD00463,CUST0436,2025-12-31 09:46:43,DELIVERED,APAC-N
ORD00464,CUST0166,2025-04-09 02:04:43,PLACED,US-W
ORD00465,CUST0345,2025-11-30 19:35:43,RETURNED,US-W
ORD00466,,2025-03-12 06:28:43,SHIPPED,US-W
ORD00467,CUST0317,12-06-2026,CANCELLED,EU-W
ORD00468,CUST0119,2025-11-01 02:38:43,SHIPPED,US-E
ORD00469,CUST0295,2025-09-09 00:07:43,SHIPPED,APAC-S
ORD00470,CUST0491,2025-11-13 14:51:43,DELIVERED,US-W
ORD00471,CUST0005,2026-07-05 13:39:43,CANCELLED,APAC-S
ORD00472,CUST0538,2025-09-14 03:32:43,DELIVERED,US-E
ORD00473,CUST0129,2026-07-02 23:58:43,PLACED,EU-W
ORD00474,CUST0444,2026-01-19 02:11:43,RETURNED,APAC-S
ORD00475,CUST0542,2025-06-14 11:49:43,DELIVERED,APAC-N
ORD00476,CUST0035,2026-02-03 13:48:43,SHIPPED,EU-W
ORD00477,CUST0478,2025-05-26 05:51:43,CANCELLED,US-W
ORD00478,CUST0010,2025-04-25 20:10:43,PLACED,APAC-N
ORD00479,CUST0073,2025-09-17 19:05:43,CANCELLED,EU-W
ORD00480,CUST0374,2026-03-23 03:45:43,DELIVERED,EU-W
ORD00481,CUST0269,12-09-2025,RETURNED,APAC-S
ORD00482,CUST0280,2025-08-01 05:40:43,CANCELLED,APAC-N
ORD00483,CUST0503,2025-12-23 05:09:43,SHIPPED,EU-W
ORD00484,CUST0170,2025-10-15 15:02:43,SHIPPED,APAC-S
ORD00485,CUST0120,2026-03-02 12:17:43,DELIVERED,APAC-N
ORD00486,CUST0366,2025-03-20 17:52:43,CANCELLED,EU-W
ORD00487,CUST0317,2026-06-06 22:44:43,DELIVERED,EU-W
ORD00488,CUST0484,01-04-2026,PLACED,EU-W
ORD00489,CUST0547,26-04-2026,RETURNED,US-E
ORD00490,CUST0073,2026-01-25 19:55:43,PLACED,APAC-N
ORD00491,CUST0544,2025-08-23 19:01:43,SHIPPED,US-W
ORD00492,CUST0117,2025-08-31 00:46:43,PLACED,US-E
ORD00493,CUST0209,2026-03-10 11:30:43,CANCELLED,APAC-N
ORD00494,CUST0503,2026-03-02 00:36:43,RETURNED,US-W
ORD00495,CUST0161,2025-12-12 08:58:43,SHIPPED,US-E
ORD00496,CUST0443,2025-08-07 08:36:43,SHIPPED,US-E
ORD00497,CUST0413,2025-10-18 20:24:43,SHIPPED,US-W
ORD00498,CUST0546,2025-03-27 13:38:43,PLACED,EU-W
ORD00499,CUST0417,2026-01-25 18:58:43,RETURNED,US-W
ORD00500,CUST0396,2026-06-19 15:53:43,SHIPPED,EU-W
ORD00501,CUST0067,2025-09-07 06:16:43,RETURNED,US-W
ORD00502,CUST0208,2026-03-07 01:34:43,SHIPPED,US-W
ORD00503,CUST0065,2026-02-25 22:40:43,PLACED,US-E
ORD00504,CUST0193,2025-06-21 13:58:43,PLACED,EU-W
ORD00505,CUST0047,2025-03-23 08:59:43,DELIVERED,APAC-S
ORD00506,CUST0385,2025-03-13 23:47:43,DELIVERED,US-W
ORD00507,CUST0277,2026-07-01 11:20:43,PLACED,APAC-S
ORD00508,CUST0436,2025-06-19 16:15:43,CANCELLED,APAC-S
ORD00509,CUST0171,2025-10-09 18:19:43,PLACED,APAC-N
ORD00510,CUST0311,2026-05-20 17:00:43,DELIVERED,US-W
ORD00511,CUST0367,2025-12-31 00:56:43,PLACED,US-E
ORD00512,CUST0172,2026-05-23 06:15:43,DELIVERED,APAC-N
ORD00513,CUST0029,2025-02-28 15:07:43,DELIVERED,APAC-N
ORD00514,CUST0466,2025-10-12 03:33:43,SHIPPED,US-E
ORD00515,,2025-10-28 14:24:43,RETURNED,EU-W
ORD00516,CUST0289,2025-03-17 09:44:43,CANCELLED,EU-W
ORD00517,CUST0501,2025-07-07 05:38:43,DELIVERED,US-W
ORD00518,CUST0328,2025-06-15 13:44:43,CANCELLED,US-E
ORD00519,CUST0188,22-05-2025,RETURNED,EU-W
ORD00520,CUST0530,2025-03-16 15:37:43,CANCELLED,APAC-S
ORD00521,CUST0359,2025-08-04 01:26:43,RETURNED,US-W
ORD00522,CUST0248,2025-05-11 21:02:43,CANCELLED,APAC-N
ORD00523,CUST0237,2025-05-31 16:18:43,SHIPPED,US-E
ORD00524,CUST0390,2026-05-27 12:04:43,DELIVERED,APAC-N
ORD00525,CUST0242,2025-12-19 01:54:43,SHIPPED,US-W
ORD00526,CUST0101,2026-01-11 08:25:43,SHIPPED,US-W
ORD00527,CUST0300,2025-07-24 15:30:43,PLACED,APAC-N
ORD00528,,2025-04-10 17:00:43,RETURNED,APAC-N
ORD00529,CUST0219,2025-12-27 01:12:43,RETURNED,APAC-N
ORD00530,CUST0419,2026-03-15 07:08:43,SHIPPED,EU-W
ORD00531,CUST0492,2026-02-21 13:34:43,PLACED,US-W
ORD00532,CUST0263,2025-03-05 05:28:43,CANCELLED,APAC-N
ORD00533,CUST0186,2026-02-07 08:53:43,RETURNED,US-E
ORD00534,CUST0087,25-04-2026,PLACED,US-E
ORD00535,CUST0292,2025-07-13 12:00:43,RETURNED,EU-W
ORD00536,CUST0187,2025-11-01 11:45:43,DELIVERED,EU-W
ORD00537,CUST0175,2025-11-30 09:16:43,CANCELLED,US-E
ORD00538,CUST0386,2025-10-19 13:03:43,CANCELLED,APAC-S
ORD00539,CUST0243,2025-10-22 05:31:43,SHIPPED,US-E
ORD00540,CUST0341,2026-04-19 03:00:43,CANCELLED,US-E
ORD00541,CUST0342,2025-03-02 06:24:43,SHIPPED,US-E
ORD00542,CUST0002,2025-08-19 08:16:43,CANCELLED,APAC-S
ORD00543,CUST0063,2026-01-03 10:29:43,SHIPPED,US-W
ORD00544,CUST0259,2026-05-17 01:16:43,CANCELLED,APAC-N
ORD00545,CUST0086,22-02-2025,CANCELLED,US-W
ORD00546,CUST0324,2025-09-25 06:34:43,SHIPPED,US-E
ORD00547,CUST0278,2026-04-05 02:13:43,SHIPPED,APAC-N
ORD00548,CUST0324,2025-05-28 10:20:43,PLACED,APAC-S
ORD00549,CUST0532,2025-06-10 15:08:43,CANCELLED,APAC-N
ORD00550,CUST0167,07-09-2025,RETURNED,US-W
ORD00551,CUST0131,2025-10-27 07:02:43,SHIPPED,US-W
ORD00552,CUST0174,2026-05-20 13:41:43,PLACED,EU-W
ORD00553,,2025-10-16 06:09:43,PLACED,APAC-N
ORD00554,CUST0374,2026-04-09 14:00:43,DELIVERED,APAC-S
ORD00555,CUST0034,2026-04-17 23:12:43,CANCELLED,US-E
ORD00556,CUST0008,2026-01-29 08:41:43,SHIPPED,APAC-N
ORD00557,CUST0376,2025-11-28 23:26:43,CANCELLED,US-W
ORD00558,CUST0505,2025-04-20 06:10:43,DELIVERED,US-E
ORD00559,CUST0002,2025-06-12 00:43:43,CANCELLED,EU-W
ORD00560,CUST0400,2025-11-09 16:42:43,PLACED,US-W
ORD00561,CUST0092,2025-09-09 17:05:43,CANCELLED,APAC-S
ORD00562,CUST0328,2025-04-06 10:22:43,DELIVERED,US-E
ORD00563,CUST0085,2026-01-09 16:27:43,PLACED,US-W
ORD00564,,2025-08-03 03:54:43,DELIVERED,US-E
ORD00565,CUST0181,2025-11-04 11:49:43,RETURNED,APAC-N
ORD00566,CUST0040,2026-06-27 13:54:43,SHIPPED,EU-W
ORD00567,CUST0544,2025-12-12 19:03:43,PLACED,US-W
ORD00568,CUST0488,2025-06-20 04:47:43,DELIVERED,US-E
ORD00569,CUST0420,2026-06-05 18:51:43,RETURNED,APAC-N
ORD00570,CUST0309,2026-03-30 22:26:43,RETURNED,US-E
ORD00571,CUST0484,2025-10-17 17:33:43,CANCELLED,US-E
ORD00572,CUST0291,2025-09-28 07:54:43,PLACED,US-W
ORD00573,CUST0053,2025-10-30 09:53:43,PLACED,APAC-N
ORD00574,CUST0421,2026-04-07 15:54:43,RETURNED,US-E
ORD00575,CUST0102,2025-05-18 18:37:43,DELIVERED,US-W
ORD00576,CUST0317,2025-04-08 20:33:43,DELIVERED,US-E
ORD00577,CUST0242,2026-03-24 04:40:43,CANCELLED,US-W
ORD00578,CUST0472,2026-04-25 04:15:43,CANCELLED,APAC-N
ORD00579,CUST0066,2025-11-12 06:37:43,DELIVERED,APAC-N
ORD00580,CUST0021,2026-02-23 09:05:43,SHIPPED,US-W
ORD00581,CUST0315,03-05-2025,SHIPPED,APAC-S
ORD00582,CUST0088,2025-09-06 17:01:43,RETURNED,APAC-N
ORD00583,CUST0431,2026-01-22 17:17:43,RETURNED,APAC-N
ORD00584,CUST0325,2026-05-17 15:37:43,RETURNED,APAC-N
ORD00585,CUST0077,2025-11-28 05:27:43,PLACED,APAC-N
ORD00586,CUST0076,2026-01-21 06:38:43,RETURNED,EU-W
ORD00587,CUST0065,2025-06-12 10:32:43,CANCELLED,US-W
ORD00588,CUST0056,2026-01-20 17:18:43,DELIVERED,US-W
ORD00589,CUST0310,2026-04-11 11:14:43,DELIVERED,US-E
ORD00590,CUST0253,2026-06-05 06:17:43,CANCELLED,US-E
ORD00591,CUST0167,2025-12-01 18:02:43,SHIPPED,APAC-N
ORD00592,CUST0341,2026-03-23 16:18:43,CANCELLED,APAC-S
ORD00593,CUST0366,2025-08-02 21:36:43,CANCELLED,US-E
ORD00594,CUST0380,2026-02-06 19:07:43,CANCELLED,US-E
ORD00595,CUST0058,2026-01-05 17:19:43,RETURNED,APAC-S
ORD00596,CUST0417,30-05-2026,PLACED,APAC-S
ORD00597,CUST0548,2025-12-16 02:21:43,CANCELLED,APAC-N
ORD00598,CUST0295,2025-06-27 21:06:43,CANCELLED,APAC-S
ORD00599,CUST0224,26-09-2025,DELIVERED,APAC-N
ORD00600,CUST0386,13-04-2026,SHIPPED,US-E
ORD00601,CUST0192,2025-12-21 19:54:43,RETURNED,US-W
ORD00602,CUST0038,2025-05-06 23:53:43,PLACED,US-W
ORD00603,CUST0090,2026-04-20 22:57:43,DELIVERED,APAC-S
ORD00604,CUST0450,2025-08-17 05:57:43,CANCELLED,EU-W
ORD00605,CUST0195,2025-08-01 03:52:43,DELIVERED,EU-W
ORD00606,CUST0312,2025-09-20 17:55:43,PLACED,APAC-S
ORD00607,,2025-12-09 14:25:43,DELIVERED,US-E
ORD00608,CUST0089,2026-01-04 07:38:43,SHIPPED,US-W
ORD00609,CUST0304,2025-12-03 23:19:43,DELIVERED,US-W
ORD00610,CUST0538,2025-10-16 23:07:43,DELIVERED,EU-W
ORD00611,CUST0341,2025-05-19 18:55:43,CANCELLED,APAC-S
ORD00612,CUST0046,2026-06-18 03:14:43,RETURNED,APAC-S
ORD00613,,2025-04-13 09:15:43,DELIVERED,US-W
ORD00614,CUST0101,2026-02-22 04:56:43,RETURNED,US-E
ORD00615,CUST0270,2026-03-24 01:17:43,CANCELLED,APAC-N
ORD00616,CUST0549,2025-07-11 21:39:43,CANCELLED,US-W
ORD00617,CUST0405,2026-01-10 10:38:43,RETURNED,US-W
ORD00618,CUST0265,04-06-2025,CANCELLED,EU-W
ORD00619,CUST0065,2026-01-15 15:14:43,DELIVERED,APAC-N
ORD00620,CUST0282,2025-07-24 13:58:43,DELIVERED,APAC-N
ORD00621,CUST0341,29-05-2026,DELIVERED,APAC-N
ORD00622,CUST0140,2025-07-27 18:21:43,CANCELLED,APAC-S
ORD00623,CUST0164,2026-06-10 12:39:43,RETURNED,US-W
ORD00624,CUST0265,2026-05-20 04:36:43,CANCELLED,US-W
ORD00625,CUST0253,16-05-2025,CANCELLED,US-W
ORD00626,CUST0041,2025-06-10 20:05:43,SHIPPED,US-W
ORD00627,CUST0432,2026-04-21 10:05:43,PLACED,APAC-S
ORD00628,CUST0269,20-11-2025,CANCELLED,US-E
ORD00629,,2026-04-06 08:33:43,SHIPPED,APAC-N
ORD00630,CUST0188,2026-03-30 16:45:43,DELIVERED,US-W
ORD00631,CUST0181,2025-06-08 07:26:43,RETURNED,US-W
ORD00632,CUST0467,2025-09-23 05:36:43,RETURNED,EU-W
ORD00633,CUST0309,2025-03-31 19:23:43,RETURNED,APAC-S
ORD00634,CUST0362,2026-03-19 22:32:43,PLACED,US-W
ORD00635,CUST0174,2025-03-10 02:56:43,PLACED,APAC-N
ORD00636,CUST0355,2025-07-06 23:31:43,PLACED,US-E
ORD00637,CUST0312,2025-05-26 15:51:43,SHIPPED,US-E
ORD00638,CUST0322,18-04-2025,RETURNED,US-E
ORD00639,CUST0132,2025-10-29 03:55:43,CANCELLED,US-E
ORD00640,CUST0375,16-02-2026,CANCELLED,US-E
ORD00641,CUST0542,2025-07-13 01:01:43,SHIPPED,APAC-N
ORD00642,CUST0341,2025-12-15 07:53:43,RETURNED,US-W
ORD00643,,2025-12-09 06:53:43,RETURNED,US-W
ORD00644,CUST0507,2026-03-26 10:11:43,CANCELLED,EU-W
ORD00645,CUST0309,2026-04-21 05:47:43,DELIVERED,US-E
ORD00646,CUST0305,2026-02-04 18:28:43,DELIVERED,APAC-S
ORD00647,CUST0019,2025-09-26 00:28:43,DELIVERED,US-E
ORD00648,CUST0182,2026-04-24 05:31:43,RETURNED,APAC-N
ORD00649,CUST0294,2025-11-19 22:40:43,PLACED,APAC-S
